s,kernel_g0.2,kernel_g0.4,kernel_g0.6,kernel_g0.8,kernel_g0.95
1.000000000000e-03,3.419489864072e+00,1.064263659527e+01,2.844508395511e+01,5.471513710964e+01,3.636069247087e+01
2.667779632721e-03,2.810161828088e+00,7.187688574556e+00,1.578764122115e+01,2.495672133710e+01,1.431494522563e+01
4.335559265442e-03,2.550071134560e+00,5.918766159112e+00,1.179723263559e+01,1.692276758943e+01,9.024835086711e+00
6.003338898164e-03,2.389366380185e+00,5.196274541679e+00,9.704462887571e+00,1.304347179192e+01,6.624588828867e+00
7.671118530885e-03,2.275042856077e+00,4.710920286484e+00,8.377067288617e+00,1.072063566953e+01,5.248272627555e+00
9.338898163606e-03,2.187268975051e+00,4.354426627791e+00,7.444402325720e+00,9.159483404781e+00,4.353627702351e+00
1.100667779633e-02,2.116557493849e+00,4.077432043367e+00,6.745489458087e+00,8.031237871707e+00,3.724420469363e+00
1.267445742905e-02,2.057668671284e+00,3.853696265364e+00,6.197971768282e+00,7.174043244324e+00,3.257236084454e+00
1.434223706177e-02,2.007418588800e+00,3.667773212078e+00,5.754890729702e+00,6.498512737705e+00,2.896317002392e+00
1.601001669449e-02,1.963735375726e+00,3.509882024358e+00,5.387312261828e+00,5.951056369821e+00,2.608915121617e+00
1.767779632721e-02,1.925199302090e+00,3.373478779106e+00,5.076335816154e+00,5.497496874431e+00,2.374517780382e+00
1.934557595993e-02,1.890797362912e+00,3.253992647326e+00,4.809038139983e+00,5.114959042990e+00,2.179613878689e+00
2.101335559265e-02,1.859782851048e+00,3.148118481925e+00,4.576252446142e+00,4.787526203530e+00,2.014937159609e+00
2.268113522538e-02,1.831590419417e+00,3.053397303936e+00,4.371277194988e+00,4.503764377642e+00,1.873918061350e+00
2.434891485810e-02,1.805782327928e+00,2.967955523500e+00,4.189087706894e+00,4.255237484051e+00,1.751767702812e+00
2.601669449082e-02,1.782013120548e+00,2.890336358618e+00,4.025834799740e+00,4.035578486231e+00,1.644911868830e+00
2.768447412354e-02,1.760005662504e+00,2.819387186221e+00,3.878514799141e+00,3.839887221149e+00,1.550628211617e+00
2.935225375626e-02,1.739534434313e+00,2.754182101323e+00,3.744745847986e+00,3.664327899094e+00,1.466806294178e+00
3.102003338898e-02,1.720413606088e+00,2.693967354005e+00,3.622612349973e+00,3.505852845617e+00,1.391784506765e+00
3.268781302170e-02,1.702488346021e+00,2.638122068468e+00,3.510554347984e+00,3.362008443315e+00,1.324236559551e+00
3.435559265442e-02,1.685628368960e+00,2.586129420858e+00,3.407287288554e+00,3.230795996354e+00,1.263090803299e+00
3.602337228715e-02,1.669723069110e+00,2.537555130216e+00,3.311742794659e+00,3.110570140654e+00,1.207471801993e+00
3.769115191987e-02,1.654677793937e+00,2.492031161831e+00,3.223024253040e+00,2.999963448909e+00,1.156657306217e+00
3.935893155259e-02,1.640410953972e+00,2.449243210101e+00,3.140373035273e+00,2.897829648438e+00,1.110046086681e+00
4.102671118531e-02,1.626851754156e+00,2.408920964731e+00,3.063142474767e+00,2.803200284455e+00,1.067133556326e+00
4.269449081803e-02,1.613938393662e+00,2.370830455705e+00,2.990777583411e+00,2.715251242424e+00,1.027493064296e+00
4.436227045075e-02,1.601616623262e+00,2.334767970854e+00,2.922799072350e+00,2.633276599045e+00,9.907613783437e-01
4.603005008347e-02,1.589838578653e+00,2.300555177129e+00,2.858790639703e+00,2.556667989312e+00,9.566272999567e-01
4.769782971619e-02,1.578561829053e+00,2.268035173232e+00,2.798388765726e+00,2.484898173269e+00,9.248226502115e-01
4.936560934891e-02,1.567748595311e+00,2.237069270053e+00,2.741274452330e+00,2.417507834223e+00,8.951150692177e-01
5.103338898164e-02,1.557365102718e+00,2.207534345121e+00,2.687166484688e+00,2.354094887831e+00,8.673022168814e-01
5.270116861436e-02,1.547381041733e+00,2.179320653640e+00,2.635815894902e+00,2.294305759947e+00,8.412070665263e-01
5.436894824708e-02,1.537769115840e+00,2.152330005621e+00,2.587001382798e+00,2.237828221244e+00,8.166740581980e-01
5.603672787980e-02,1.528504660247e+00,2.126474238695e+00,2.540525504676e+00,2.184385462554e+00,7.935659336876e-01
5.770450751252e-02,1.519565318584e+00,2.101673931446e+00,2.496211482614e+00,2.133731166362e+00,7.717611162362e-01
5.937228714524e-02,1.510930767386e+00,2.077857313619e+00,2.453900518632e+00,2.085645383603e+00,7.511515285060e-01
6.104006677796e-02,1.502582480159e+00,2.054959338495e+00,2.413449522131e+00,2.039931065721e+00,7.316407655342e-01
6.270784641068e-02,1.494503524438e+00,2.032920889595e+00,2.374729177676e+00,1.996411133158e+00,7.131425570098e-01
6.437562604341e-02,1.486678386487e+00,2.011688099257e+00,2.337622294601e+00,1.954925985514e+00,6.955794667439e-01
6.604340567613e-02,1.479092819249e+00,1.991211760866e+00,2.302022391237e+00,1.915331377337e+00,6.788817876762e-01
6.771118530885e-02,1.471733709978e+00,1.971446819865e+00,2.267832475409e+00,1.877496598139e+00,6.629865989263e-01
6.937896494157e-02,1.464588964578e+00,1.952351931323e+00,2.234963989915e+00,1.841302906804e+00,6.478369577974e-01
7.104674457429e-02,1.457647406200e+00,1.933889073999e+00,2.203335897300e+00,1.806642179664e+00,6.333812047038e-01
7.271452420701e-02,1.450898686047e+00,1.916023212547e+00,2.172873882746e+00,1.773415738837e+00,6.195723630100e-01
7.438230383973e-02,1.444333204673e+00,1.898722000903e+00,2.143509657503e+00,1.741533333301e+00,6.063676189836e-01
7.605008347245e-02,1.437942042343e+00,1.881955521034e+00,2.115180348254e+00,1.710912249853e+00,5.937278696432e-01
7.771786310518e-02,1.431716897229e+00,1.865696052164e+00,2.087827960190e+00,1.681476534968e+00,5.816173283711e-01
7.938564273790e-02,1.425650030414e+00,1.849917866353e+00,2.061398903521e+00,1.653156311676e+00,5.700031798513e-01
8.105342237062e-02,1.419734216838e+00,1.834597046928e+00,2.035843574776e+00,1.625887178145e+00,5.588552772752e-01
8.272120200334e-02,1.413962701425e+00,1.819711326812e+00,2.011115985580e+00,1.599609676730e+00,5.481458758897e-01
8.438898163606e-02,1.408329159753e+00,1.805239944202e+00,1.987173432673e+00,1.574268824007e+00,5.378493978927e-01
8.605676126878e-02,1.402827662723e+00,1.791163513456e+00,1.963976203887e+00,1.549813693741e+00,5.279422244533e-01
8.772454090150e-02,1.397452644747e+00,1.777463909294e+00,1.941487315551e+00,1.526197045926e+00,5.184025112685e-01
8.939232053422e-02,1.392198875046e+00,1.764124162749e+00,1.919672277430e+00,1.503374996040e+00,5.092100246051e-01
9.106010016694e-02,1.387061431702e+00,1.751128367457e+00,1.898498881875e+00,1.481306719512e+00,5.003459952178e-01
9.272787979967e-02,1.382035678155e+00,1.738461595100e+00,1.877937014271e+00,1.459954187058e+00,4.917929879064e-01
9.439565943239e-02,1.377117241874e+00,1.726109818967e+00,1.857958482326e+00,1.439281927204e+00,4.835347847925e-01
9.606343906511e-02,1.372301994969e+00,1.714059844707e+00,1.838536861999e+00,1.419256812749e+00,4.755562806593e-01
9.773121869783e-02,1.367586036532e+00,1.702299247510e+00,1.819647358219e+00,1.399847868414e+00,4.678433889221e-01
9.939899833055e-02,1.362965676537e+00,1.690816314999e+00,1.801266678722e+00,1.381026097231e+00,4.603829569907e-01
1.010667779633e-01,1.358437421118e+00,1.679599995243e+00,1.783372919593e+00,1.362764323583e+00,4.531626899453e-01
1.027345575960e-01,1.353997959114e+00,1.668639849347e+00,1.765945461250e+00,1.345037051044e+00,4.461710815873e-01
1.044023372287e-01,1.349644149725e+00,1.657926008149e+00,1.748964873757e+00,1.327820333414e+00,4.393973520470e-01
1.060701168614e-01,1.345373011192e+00,1.647449132620e+00,1.732412830506e+00,1.311091657533e+00,4.328313912301e-01
1.077378964942e-01,1.341181710389e+00,1.637200377581e+00,1.716272029403e+00,1.294829836630e+00,4.264637074756e-01
1.094056761269e-01,1.337067553253e+00,1.627171358427e+00,1.700526120803e+00,1.279014913122e+00,4.202853808721e-01
1.110734557596e-01,1.333027975953e+00,1.617354120555e+00,1.685159641525e+00,1.263628069890e+00,4.142880207462e-01
1.127412353923e-01,1.329060536756e+00,1.607741111254e+00,1.670157954349e+00,1.248651549171e+00,4.084637268946e-01
1.144090150250e-01,1.325162908504e+00,1.598325153809e+00,1.655507192464e+00,1.234068578328e+00,4.028050541796e-01
1.160767946578e-01,1.321332871661e+00,1.589099423627e+00,1.641194208404e+00,1.219863301813e+00,3.973049801526e-01
1.177445742905e-01,1.317568307873e+00,1.580057426200e+00,1.627206527041e+00,1.206020718718e+00,3.919568754071e-01
1.194123539232e-01,1.313867193997e+00,1.571192976729e+00,1.613532302267e+00,1.192526625405e+00,3.867544763963e-01
1.210801335559e-01,1.310227596565e+00,1.562500181279e+00,1.600160277030e+00,1.179367562721e+00,3.816918604794e-01
1.227479131886e-01,1.306647666638e+00,1.553973419315e+00,1.587079746413e+00,1.166530767370e+00,3.767634229857e-01
1.244156928214e-01,1.303125635020e+00,1.545607327514e+00,1.574280523496e+00,1.154004127086e+00,3.719638561085e-01
1.260834724541e-01,1.299659807803e+00,1.537396784730e+00,1.561752907753e+00,1.141776139238e+00,3.672881294617e-01
1.277512520868e-01,1.296248562218e+00,1.529336898033e+00,1.549487655768e+00,1.129835872579e+00,3.627314721455e-01
1.294190317195e-01,1.292890342766e+00,1.521422989712e+00,1.537475954062e+00,1.118172931855e+00,3.582893561895e-01
1.310868113523e-01,1.289583657603e+00,1.513650585186e+00,1.525709393869e+00,1.106777425032e+00,3.539574812479e-01
1.327545909850e-01,1.286327075165e+00,1.506015401730e+00,1.514179947690e+00,1.095639932911e+00,3.497317604408e-01
1.344223706177e-01,1.283119221008e+00,1.498513337960e+00,1.502879947477e+00,1.084751480934e+00,3.456083072391e-01
1.360901502504e-01,1.279958774860e+00,1.491140464022e+00,1.491802064316e+00,1.074103512994e+00,3.415834233080e-01
1.377579298831e-01,1.276844467845e+00,1.483893012419e+00,1.480939289501e+00,1.063687867093e+00,3.376535872248e-01
1.394257095159e-01,1.273775079894e+00,1.476767369436e+00,1.470284916866e+00,1.053496752682e+00,3.338154440010e-01
1.410934891486e-01,1.270749437309e+00,1.469760067110e+00,1.459832526299e+00,1.043522729561e+00,3.300657953409e-01
1.427612687813e-01,1.267766410477e+00,1.462867775716e+00,1.449575968330e+00,1.033758688212e+00,3.264015905782e-01
1.444290484140e-01,1.264824911718e+00,1.456087296714e+00,1.439509349726e+00,1.024197831448e+00,3.228199182346e-01
1.460968280467e-01,1.261923893272e+00,1.449415556141e+00,1.429627020001e+00,1.014833657278e+00,3.193179981528e-01
1.477646076795e-01,1.259062345393e+00,1.442849598400e+00,1.419923558784e+00,1.005659942895e+00,3.158931741572e-01
1.494323873122e-01,1.256239294561e+00,1.436386580430e+00,1.410393763981e+00,9.966707297070e-01,3.125429072032e-01
1.511001669449e-01,1.253453801795e+00,1.430023766218e+00,1.401032640665e+00,9.878603093198e-01,3.092647689749e-01
1.527679465776e-01,1.250704961061e+00,1.423758521648e+00,1.391835390649e+00,9.792232104121e-01,3.060564359004e-01
1.544357262104e-01,1.247991897773e+00,1.417588309634e+00,1.382797402694e+00,9.707541864337e-01,3.029156835511e-01
1.561035058431e-01,1.245313767374e+00,1.411510685550e+00,1.373914243301e+00,9.624482040662e-01,2.998403813965e-01
1.577712854758e-01,1.242669753998e+00,1.405523292914e+00,1.365181648047e+00,9.543004323917e-01,2.968284878902e-01
1.594390651085e-01,1.240059069205e+00,1.399623859318e+00,1.356595513435e+00,9.463062327200e-01,2.938780458611e-01
1.611068447412e-01,1.237480950781e+00,1.393810192586e+00,1.348151889214e+00,9.384611490266e-01,2.909871781885e-01
1.627746243740e-01,1.234934661609e+00,1.388080177147e+00,1.339846971139e+00,9.307608989599e-01,2.881540837409e-01
1.644424040067e-01,1.232419488589e+00,1.382431770606e+00,1.331677094151e+00,9.232013653780e-01,2.853770335609e-01
1.661101836394e-01,1.229934741629e+00,1.376863000499e+00,1.323638725930e+00,9.157785883784e-01,2.826543672765e-01
1.677779632721e-01,1.227479752673e+00,1.371371961230e+00,1.315728460816e+00,9.084887577880e-01,2.799844897260e-01
1.694457429048e-01,1.225053874793e+00,1.365956811160e+00,1.307943014062e+00,9.013282060822e-01,2.773658677798e-01
1.711135225376e-01,1.222656481316e+00,1.360615769861e+00,1.300279216402e+00,8.942934017051e-01,2.747970273471e-01
1.727813021703e-01,1.220286965001e+00,1.355347115507e+00,1.292734008916e+00,8.873809427629e-01,2.722765505543e-01
1.744490818030e-01,1.217944737258e+00,1.350149182403e+00,1.285304438163e+00,8.805875510686e-01,2.698030730839e-01
1.761168614357e-01,1.215629227400e+00,1.345020358637e+00,1.277987651583e+00,8.739100665134e-01,2.673752816636e-01
1.777846410684e-01,1.213339881935e+00,1.339959083856e+00,1.270780893132e+00,8.673454417447e-01,2.649919116950e-01
1.794524207012e-01,1.211076163897e+00,1.334963847151e+00,1.263681499149e+00,8.608907371315e-01,2.626517450146e-01
1.811202003339e-01,1.208837552198e+00,1.330033185046e+00,1.256686894434e+00,8.545431159987e-01,2.603536077760e-01
1.827879799666e-01,1.206623541022e+00,1.325165679592e+00,1.249794588532e+00,8.482998401139e-01,2.580963684487e-01
1.844557595993e-01,1.204433639241e+00,1.320359956551e+00,1.243002172199e+00,8.421582654112e-01,2.558789359230e-01
1.861235392321e-01,1.202267369860e+00,1.315614683662e+00,1.236307314050e+00,8.361158379372e-01,2.537002577173e-01
1.877913188648e-01,1.200124269490e+00,1.310928569005e+00,1.229707757371e+00,8.301700900063e-01,2.515593182792e-01
1.894590984975e-01,1.198003887841e+00,1.306300359426e+00,1.223201317090e+00,8.243186365521e-01,2.494551373764e-01
1.911268781302e-01,1.195905787239e+00,1.301728839051e+00,1.216785876900e+00,8.185591716642e-01,2.473867685702e-01
1.927946577629e-01,1.193829542171e+00,1.297212827860e+00,1.210459386512e+00,8.128894652982e-01,2.453532977686e-01
1.944624373957e-01,1.191774738839e+00,1.292751180331e+00,1.204219859050e+00,8.073073601503e-01,2.433538418527e-01
1.961302170284e-01,1.189740974748e+00,1.288342784146e+00,1.198065368567e+00,8.018107686852e-01,2.413875473726e-01
1.977979966611e-01,1.187727858296e+00,1.283986558956e+00,1.191994047672e+00,7.963976703105e-01,2.394535893088e-01
1.994657762938e-01,1.185735008394e+00,1.279681455204e+00,1.186004085283e+00,7.910661086872e-01,2.375511698954e-01
2.011335559265e-01,1.183762054103e+00,1.275426452994e+00,1.180093724466e+00,7.858141891709e-01,2.356795175012e-01
2.028013355593e-01,1.181808634272e+00,1.271220561020e+00,1.174261260391e+00,7.806400763738e-01,2.338378855656e-01
2.044691151920e-01,1.179874397213e+00,1.267062815535e+00,1.168505038370e+00,7.755419918434e-01,2.320255515860e-01
2.061368948247e-01,1.177959000369e+00,1.262952279367e+00,1.162823451988e+00,7.705182118488e-01,2.302418161545e-01
2.078046744574e-01,1.176062110012e+00,1.258888040980e+00,1.157214941320e+00,7.655670652720e-01,2.284860020398e-01
2.094724540902e-01,1.174183400941e+00,1.254869213571e+00,1.151677991221e+00,7.606869315944e-01,2.267574533135e-01
2.111402337229e-01,1.172322556204e+00,1.250894934213e+00,1.146211129703e+00,7.558762389780e-01,2.250555345162e-01
2.128080133556e-01,1.170479266821e+00,1.246964363025e+00,1.140812926372e+00,7.511334624316e-01,2.233796298644e-01
2.144757929883e-01,1.168653231525e+00,1.243076682384e+00,1.135481990937e+00,7.464571220618e-01,2.217291424920e-01
2.161435726210e-01,1.166844156512e+00,1.239231096166e+00,1.130216971789e+00,7.418457814007e-01,2.201034937280e-01
2.178113522538e-01,1.165051755197e+00,1.235426829024e+00,1.125016554632e+00,7.372980458090e-01,2.185021224070e-01
2.194791318865e-01,1.163275747988e+00,1.231663125687e+00,1.119879461181e+00,7.328125609492e-01,2.169244842101e-01
2.211469115192e-01,1.161515862057e+00,1.227939250293e+00,1.114804447905e+00,7.283880113252e-01,2.153700510364e-01
2.228146911519e-01,1.159771831134e+00,1.224254485751e+00,1.109790304835e+00,7.240231188863e-01,2.138383104016e-01
2.244824707846e-01,1.158043395296e+00,1.220608133125e+00,1.104835854410e+00,7.197166416904e-01,2.123287648637e-01
2.261502504174e-01,1.156330300774e+00,1.216999511042e+00,1.099939950379e+00,7.154673726251e-01,2.108409314738e-01
2.278180300501e-01,1.154632299759e+00,1.213427955125e+00,1.095101476745e+00,7.112741381828e-01,2.093743412510e-01
2.294858096828e-01,1.152949150226e+00,1.209892817452e+00,1.090319346752e+00,7.071357972876e-01,2.079285386795e-01
2.311535893155e-01,1.151280615749e+00,1.206393466028e+00,1.085592501910e+00,7.030512401714e-01,2.065030812279e-01
2.328213689482e-01,1.149626465340e+00,1.202929284286e+00,1.080919911066e+00,6.990193872964e-01,2.050975388883e-01
2.344891485810e-01,1.147986473285e+00,1.199499670597e+00,1.076300569508e+00,6.950391883227e-01,2.037114937359e-01
2.361569282137e-01,1.146360418981e+00,1.196104037812e+00,1.071733498103e+00,6.911096211174e-01,2.023445395060e-01
2.378247078464e-01,1.144748086794e+00,1.192741812811e+00,1.067217742472e+00,6.872296908048e-01,2.009962811896e-01
2.394924874791e-01,1.143149265904e+00,1.189412436071e+00,1.062752372196e+00,6.833984288543e-01,1.996663346449e-01
2.411602671119e-01,1.141563750174e+00,1.186115361254e+00,1.058336480050e+00,6.796148922058e-01,1.983543262256e-01
2.428280467446e-01,1.139991338008e+00,1.182850054803e+00,1.053969181274e+00,6.758781624289e-01,1.970598924239e-01
2.444958263773e-01,1.138431832221e+00,1.179615995566e+00,1.049649612865e+00,6.721873449162e-01,1.957826795279e-01
2.461636060100e-01,1.136885039918e+00,1.176412674418e+00,1.045376932894e+00,6.685415681078e-01,1.945223432934e-01
2.478313856427e-01,1.135350772367e+00,1.173239593905e+00,1.041150319861e+00,6.649399827467e-01,1.932785486282e-01
2.494991652755e-01,1.133828844884e+00,1.170096267904e+00,1.036968972058e+00,6.613817611624e-01,1.920509692893e-01
2.511669449082e-01,1.132319076721e+00,1.166982221289e+00,1.032832106967e+00,6.578660965825e-01,1.908392875920e-01
2.528347245409e-01,1.130821290953e+00,1.163896989609e+00,1.028738960681e+00,6.543922024707e-01,1.896431941304e-01
2.545025041736e-01,1.129335314378e+00,1.160840118784e+00,1.024688787332e+00,6.509593118896e-01,1.884623875087e-01
2.561702838063e-01,1.127860977409e+00,1.157811164804e+00,1.020680858562e+00,6.475666768882e-01,1.872965740834e-01
2.578380634391e-01,1.126398113981e+00,1.154809693442e+00,1.016714462992e+00,6.442135679117e-01,1.861454677145e-01
2.595058430718e-01,1.124946561450e+00,1.151835279979e+00,1.012788905724e+00,6.408992732336e-01,1.850087895271e-01
2.611736227045e-01,1.123506160508e+00,1.148887508935e+00,1.008903507855e+00,6.376230984093e-01,1.838862676818e-01
2.628414023372e-01,1.122076755086e+00,1.145965973810e+00,1.005057606011e+00,6.343843657490e-01,1.827776371532e-01
2.645091819699e-01,1.120658192274e+00,1.143070276836e+00,1.001250551893e+00,6.311824138106e-01,1.816826395180e-01
2.661769616027e-01,1.119250322236e+00,1.140200028733e+00,9.974817118459e-01,6.280165969103e-01,1.806010227493e-01
2.678447412354e-01,1.117852998128e+00,1.137354848479e+00,9.937504664340e-01,6.248862846519e-01,1.795325410202e-01
2.695125208681e-01,1.116466076020e+00,1.134534363084e+00,9.900562100396e-01,6.217908614719e-01,1.784769545132e-01
2.711803005008e-01,1.115089414825e+00,1.131738207370e+00,9.863983504698e-01,6.187297262018e-01,1.774340292378e-01
2.728480801336e-01,1.113722876220e+00,1.128966023765e+00,9.827763085790e-01,6.157022916452e-01,1.764035368538e-01
2.745158597663e-01,1.112366324577e+00,1.126217462094e+00,9.791895179036e-01,6.127079841702e-01,1.753852545013e-01
2.761836393990e-01,1.111019626897e+00,1.123492179387e+00,9.756374243096e-01,6.097462433159e-01,1.743789646374e-01
2.778514190317e-01,1.109682652742e+00,1.120789839684e+00,9.721194856512e-01,6.068165214128e-01,1.733844548775e-01
2.795191986644e-01,1.108355274168e+00,1.118110113854e+00,9.686351714420e-01,6.039182832162e-01,1.724015178434e-01
2.811869782972e-01,1.107037365668e+00,1.115452679414e+00,9.651839625364e-01,6.010510055525e-01,1.714299510160e-01
2.828547579299e-01,1.105728804107e+00,1.112817220359e+00,9.617653508212e-01,5.982141769767e-01,1.704695565937e-01
2.845225375626e-01,1.104429468665e+00,1.110203426993e+00,9.583788389183e-01,5.954072974430e-01,1.695201413555e-01
2.861903171953e-01,1.103139240782e+00,1.107610995764e+00,9.550239398960e-01,5.926298779851e-01,1.685815165286e-01
2.878580968280e-01,1.101858004099e+00,1.105039629114e+00,9.517001769911e-01,5.898814404085e-01,1.676534976609e-01
2.895258764608e-01,1.100585644409e+00,1.102489035321e+00,9.484070833384e-01,5.871615169919e-01,1.667359044979e-01
2.911936560935e-01,1.099322049602e+00,1.099958928354e+00,9.451442017099e-01,5.844696501996e-01,1.658285608639e-01
2.928614357262e-01,1.098067109615e+00,1.097449027728e+00,9.419110842622e-01,5.818053924024e-01,1.649312945462e-01
2.945292153589e-01,1.096820716384e+00,1.094959058370e+00,9.387072922913e-01,5.791683056089e-01,1.640439371850e-01
2.961969949917e-01,1.095582763799e+00,1.092488750480e+00,9.355323959964e-01,5.765579612041e-01,1.631663241652e-01
2.978647746244e-01,1.094353147651e+00,1.090037839404e+00,9.323859742495e-01,5.739739396978e-01,1.622982945132e-01
2.995325542571e-01,1.093131765597e+00,1.087606065506e+00,9.292676143735e-01,5.714158304804e-01,1.614396907959e-01
3.012003338898e-01,1.091918517107e+00,1.085193174046e+00,9.261769119267e-01,5.688832315867e-01,1.605903590244e-01
3.028681135225e-01,1.090713303430e+00,1.082798915063e+00,9.231134704938e-01,5.663757494675e-01,1.597501485593e-01
3.045358931553e-01,1.089516027546e+00,1.080423043255e+00,9.200769014834e-01,5.638929987678e-01,1.589189120207e-01
3.062036727880e-01,1.088326594132e+00,1.078065317872e+00,9.170668239321e-01,5.614346021130e-01,1.580965051994e-01
3.078714524207e-01,1.087144909520e+00,1.075725502605e+00,9.140828643140e-01,5.590001899009e-01,1.572827869729e-01
3.095392320534e-01,1.085970881662e+00,1.073403365481e+00,9.111246563559e-01,5.565894001008e-01,1.564776192221e-01
3.112070116861e-01,1.084804420089e+00,1.071098678761e+00,9.081918408591e-01,5.542018780583e-01,1.556808667522e-01
3.128747913189e-01,1.083645435882e+00,1.068811218840e+00,9.052840655247e-01,5.518372763069e-01,1.548923972154e-01
3.145425709516e-01,1.082493841630e+00,1.066540766150e+00,9.024009847860e-01,5.494952543848e-01,1.541120810362e-01
3.162103505843e-01,1.081349551405e+00,1.064287105067e+00,8.995422596447e-01,5.471754786572e-01,1.533397913388e-01
3.178781302170e-01,1.080212480721e+00,1.062050023819e+00,8.967075575118e-01,5.448776221448e-01,1.525754038771e-01
3.195459098497e-01,1.079082546508e+00,1.059829314398e+00,8.938965520544e-01,5.426013643564e-01,1.518187969670e-01
3.212136894825e-01,1.077959667078e+00,1.057624772475e+00,8.911089230453e-01,5.403463911277e-01,1.510698514203e-01
3.228814691152e-01,1.076843762095e+00,1.055436197314e+00,8.883443562184e-01,5.381123944637e-01,1.503284504806e-01
3.245492487479e-01,1.075734752551e+00,1.053263391691e+00,8.856025431272e-01,5.358990723872e-01,1.495944797620e-01
3.262170283806e-01,1.074632560728e+00,1.051106161817e+00,8.828831810080e-01,5.337061287905e-01,1.488678271889e-01
3.278848080134e-01,1.073537110180e+00,1.048964317258e+00,8.801859726469e-01,5.315332732920e-01,1.481483829376e-01
3.295525876461e-01,1.072448325697e+00,1.046837670863e+00,8.775106262501e-01,5.293802210974e-01,1.474360393800e-01
3.312203672788e-01,1.071366133288e+00,1.044726038690e+00,8.748568553187e-01,5.272466928644e-01,1.467306910292e-01
3.328881469115e-01,1.070290460148e+00,1.042629239933e+00,8.722243785263e-01,5.251324145716e-01,1.460322344858e-01
3.345559265442e-01,1.069221234635e+00,1.040547096857e+00,8.696129196002e-01,5.230371173908e-01,1.453405683869e-01
3.362237061770e-01,1.068158386249e+00,1.038479434729e+00,8.670222072062e-01,5.209605375637e-01,1.446555933558e-01
3.378914858097e-01,1.067101845603e+00,1.036426081752e+00,8.644519748360e-01,5.189024162815e-01,1.439772119534e-01
3.395592654424e-01,1.066051544406e+00,1.034386869003e+00,8.619019606986e-01,5.168624995684e-01,1.433053286315e-01
3.412270450751e-01,1.065007415433e+00,1.032361630368e+00,8.593719076135e-01,5.148405381676e-01,1.426398496866e-01
3.428948247078e-01,1.063969392511e+00,1.030350202486e+00,8.568615629081e-01,5.128362874319e-01,1.419806832158e-01
3.445626043406e-01,1.062937410492e+00,1.028352424690e+00,8.543706783167e-01,5.108495072156e-01,1.413277390733e-01
3.462303839733e-01,1.061911405235e+00,1.026368138944e+00,8.518990098829e-01,5.088799617714e-01,1.406809288289e-01
3.478981636060e-01,1.060891313585e+00,1.024397189795e+00,8.494463178647e-01,5.069274196481e-01,1.400401657270e-01
3.495659432387e-01,1.059877073351e+00,1.022439424314e+00,8.470123666418e-01,5.049916535931e-01,1.394053646473e-01
3.512337228715e-01,1.058868623292e+00,1.020494692044e+00,8.445969246253e-01,5.030724404559e-01,1.387764420660e-01
3.529015025042e-01,1.057865903092e+00,1.018562844950e+00,8.421997641700e-01,5.011695610956e-01,1.381533160188e-01
3.545692821369e-01,1.056868853347e+00,1.016643737368e+00,8.398206614896e-01,4.992828002900e-01,1.375359060643e-01
3.562370617696e-01,1.055877415543e+00,1.014737225954e+00,8.374593965725e-01,4.974119466473e-01,1.369241332489e-01
3.579048414023e-01,1.054891532041e+00,1.012843169640e+00,8.351157531016e-01,4.955567925211e-01,1.363179200725e-01
3.595726210351e-01,1.053911146057e+00,1.010961429586e+00,8.327895183752e-01,4.937171339263e-01,1.357171904550e-01
3.612404006678e-01,1.052936201652e+00,1.009091869133e+00,8.304804832299e-01,4.918927704580e-01,1.351218697039e-01
3.629081803005e-01,1.051966643706e+00,1.007234353761e+00,8.281884419662e-01,4.900835052129e-01,1.345318844825e-01
3.645759599332e-01,1.051002417911e+00,1.005388751045e+00,8.259131922749e-01,4.882891447119e-01,1.339471627799e-01
3.662437395659e-01,1.050043470750e+00,1.003554930614e+00,8.236545351667e-01,4.865094988258e-01,1.333676338800e-01
3.679115191987e-01,1.049089749484e+00,1.001732764108e+00,8.214122749025e-01,4.847443807015e-01,1.327932283337e-01
3.695792988314e-01,1.048141202138e+00,9.999221251386e-01,8.191862189259e-01,4.829936066919e-01,1.322238779295e-01
3.712470784641e-01,1.047197777485e+00,9.981228892522e-01,8.169761777974e-01,4.812569962862e-01,1.316595156667e-01
3.729148580968e-01,1.046259425031e+00,9.963349338891e-01,8.147819651306e-01,4.795343720428e-01,1.311000757282e-01
3.745826377295e-01,1.045326095005e+00,9.945581383474e-01,8.126033975287e-01,4.778255595234e-01,1.305454934545e-01
3.762504173623e-01,1.044397738341e+00,9.927923837471e-01,8.104402945246e-01,4.761303872294e-01,1.299957053186e-01
3.779181969950e-01,1.043474306670e+00,9.910375529940e-01,8.082924785204e-01,4.744486865395e-01,1.294506489007e-01
3.795859766277e-01,1.042555752300e+00,9.892935307456e-01,8.061597747302e-01,4.727802916487e-01,1.289102628646e-01
3.812537562604e-01,1.041642028213e+00,9.875602033769e-01,8.040420111226e-01,4.711250395096e-01,1.283744869341e-01
3.829215358932e-01,1.040733088043e+00,9.858374589482e-01,8.019390183664e-01,4.694827697744e-01,1.278432618698e-01
3.845893155259e-01,1.039828886070e+00,9.841251871719e-01,7.998506297758e-01,4.678533247388e-01,1.273165294475e-01
3.862570951586e-01,1.038929377209e+00,9.824232793819e-01,7.977766812585e-01,4.662365492873e-01,1.267942324358e-01
3.879248747913e-01,1.038034516993e+00,9.807316285026e-01,7.957170112640e-01,4.646322908394e-01,1.262763145757e-01
3.895926544240e-01,1.037144261567e+00,9.790501290185e-01,7.936714607335e-01,4.630403992979e-01,1.257627205593e-01
3.912604340568e-01,1.036258567674e+00,9.773786769457e-01,7.916398730512e-01,4.614607269978e-01,1.252533960100e-01
3.929282136895e-01,1.035377392648e+00,9.757171698027e-01,7.896220939964e-01,4.598931286568e-01,1.247482874632e-01
3.945959933222e-01,1.034500694398e+00,9.740655065825e-01,7.876179716971e-01,4.583374613271e-01,1.242473423468e-01
3.962637729549e-01,1.033628431403e+00,9.724235877253e-01,7.856273565840e-01,4.567935843478e-01,1.237505089629e-01
3.979315525876e-01,1.032760562698e+00,9.707913150919e-01,7.836501013469e-01,4.552613592994e-01,1.232577364694e-01
3.995993322204e-01,1.031897047869e+00,9.691685919375e-01,7.816860608903e-01,4.537406499586e-01,1.227689748626e-01
4.012671118531e-01,1.031037847037e+00,9.675553228860e-01,7.797350922918e-01,4.522313222542e-01,1.222841749597e-01
4.029348914858e-01,1.030182920853e+00,9.659514139053e-01,7.777970547604e-01,4.507332442251e-01,1.218032883822e-01
4.046026711185e-01,1.029332230491e+00,9.643567722828e-01,7.758718095960e-01,4.492462859776e-01,1.213262675392e-01
4.062704507513e-01,1.028485737630e+00,9.627713066015e-01,7.739592201500e-01,4.477703196453e-01,1.208530656119e-01
4.079382303840e-01,1.027643404457e+00,9.611949267166e-01,7.720591517866e-01,4.463052193492e-01,1.203836365373e-01
4.096060100167e-01,1.026805193649e+00,9.596275437329e-01,7.701714718450e-01,4.448508611585e-01,1.199179349935e-01
4.112737896494e-01,1.025971068370e+00,9.580690699822e-01,7.682960496029e-01,4.434071230530e-01,1.194559163846e-01
4.129415692821e-01,1.025140992258e+00,9.565194190017e-01,7.664327562399e-01,4.419738848861e-01,1.189975368262e-01
4.146093489149e-01,1.024314929423e+00,9.549785055126e-01,7.645814648029e-01,4.405510283482e-01,1.185427531313e-01
4.162771285476e-01,1.023492844435e+00,9.534462453991e-01,7.627420501709e-01,4.391384369317e-01,1.180915227962e-01
4.179449081803e-01,1.022674702316e+00,9.519225556879e-01,7.609143890222e-01,4.377359958966e-01,1.176438039876e-01
4.196126878130e-01,1.021860468535e+00,9.504073545285e-01,7.590983598007e-01,4.363435922362e-01,1.171995555288e-01
4.212804674457e-01,1.021050108997e+00,9.489005611733e-01,7.572938426844e-01,4.349611146447e-01,1.167587368869e-01
4.229482470785e-01,1.020243590041e+00,9.474020959586e-01,7.555007195532e-01,4.335884534848e-01,1.163213081608e-01
4.246160267112e-01,1.019440878428e+00,9.459118802857e-01,7.537188739590e-01,4.322255007562e-01,1.158872300681e-01
4.262838063439e-01,1.018641941335e+00,9.444298366030e-01,7.519481910946e-01,4.308721500648e-01,1.154564639339e-01
4.279515859766e-01,1.017846746350e+00,9.429558883873e-01,7.501885577652e-01,4.295282965929e-01,1.150289716783e-01
4.296193656093e-01,1.017055261465e+00,9.414899601268e-01,7.484398623589e-01,4.281938370694e-01,1.146047158057e-01
4.312871452421e-01,1.016267455067e+00,9.400319773035e-01,7.467019948188e-01,4.268686697414e-01,1.141836593932e-01
4.329549248748e-01,1.015483295935e+00,9.385818663767e-01,7.449748466154e-01,4.255526943461e-01,1.137657660797e-01
4.346227045075e-01,1.014702753230e+00,9.371395547662e-01,7.432583107196e-01,4.242458120832e-01,1.133510000554e-01
4.362904841402e-01,1.013925796493e+00,9.357049708361e-01,7.415522815765e-01,4.229479255881e-01,1.129393260510e-01
4.379582637730e-01,1.013152395635e+00,9.342780438793e-01,7.398566550792e-01,4.216589389057e-01,1.125307093280e-01
4.396260434057e-01,1.012382520933e+00,9.328587041015e-01,7.381713285435e-01,4.203787574648e-01,1.121251156686e-01
4.412938230384e-01,1.011616143025e+00,9.314468826065e-01,7.364962006837e-01,4.191072880527e-01,1.117225113656e-01
4.429616026711e-01,1.010853232903e+00,9.300425113808e-01,7.348311715878e-01,4.178444387909e-01,1.113228632132e-01
4.446293823038e-01,1.010093761908e+00,9.286455232794e-01,7.331761426939e-01,4.165901191111e-01,1.109261384978e-01
4.462971619366e-01,1.009337701723e+00,9.272558520114e-01,7.315310167671e-01,4.153442397314e-01,1.105323049885e-01
4.479649415693e-01,1.008585024369e+00,9.258734321259e-01,7.298956978768e-01,4.141067126335e-01,1.101413309286e-01
4.496327212020e-01,1.007835702200e+00,9.244981989985e-01,7.282700913742e-01,4.128774510404e-01,1.097531850267e-01
4.513005008347e-01,1.007089707900e+00,9.231300888173e-01,7.266541038707e-01,4.116563693939e-01,1.093678364480e-01
4.529682804674e-01,1.006347014470e+00,9.217690385707e-01,7.250476432163e-01,4.104433833334e-01,1.089852548066e-01
4.546360601002e-01,1.005607595233e+00,9.204149860333e-01,7.234506184791e-01,4.092384096747e-01,1.086054101565e-01
4.563038397329e-01,1.004871423822e+00,9.190678697541e-01,7.218629399244e-01,4.080413663894e-01,1.082282729843e-01
4.579716193656e-01,1.004138474179e+00,9.177276290439e-01,7.202845189949e-01,4.068521725846e-01,1.078538142012e-01
4.596393989983e-01,1.003408720548e+00,9.163942039629e-01,7.187152682906e-01,4.056707484832e-01,1.074820051353e-01
4.613071786311e-01,1.002682137472e+00,9.150675353087e-01,7.171551015502e-01,4.044970154044e-01,1.071128175241e-01
4.629749582638e-01,1.001958699788e+00,9.137475646052e-01,7.156039336318e-01,4.033308957450e-01,1.067462235074e-01
4.646427378965e-01,1.001238382622e+00,9.124342340904e-01,7.140616804943e-01,4.021723129605e-01,1.063821956200e-01
4.663105175292e-01,1.000521161385e+00,9.111274867055e-01,7.125282591797e-01,4.010211915472e-01,1.060207067848e-01
4.679782971619e-01,9.998070117699e-01,9.098272660839e-01,7.110035877949e-01,3.998774570243e-01,1.056617303059e-01
4.696460767947e-01,9.990959097448e-01,9.085335165403e-01,7.094875854946e-01,3.987410359162e-01,1.053052398616e-01
4.713138564274e-01,9.983878315511e-01,9.072461830599e-01,7.079801724639e-01,3.976118557359e-01,1.049512094986e-01
4.729816360601e-01,9.976827536984e-01,9.059652112884e-01,7.064812699021e-01,3.964898449678e-01,1.045996136249e-01
4.746494156928e-01,9.969806529610e-01,9.046905475214e-01,7.049908000057e-01,3.953749330518e-01,1.042504270037e-01
4.763171953255e-01,9.962815063737e-01,9.034221386945e-01,7.035086859528e-01,3.942670503666e-01,1.039036247472e-01
4.779849749583e-01,9.955852912279e-01,9.021599323736e-01,7.020348518870e-01,3.931661282146e-01,1.035591823108e-01
4.796527545910e-01,9.948919850683e-01,9.009038767449e-01,7.005692229022e-01,3.920720988061e-01,1.032170754870e-01
4.813205342237e-01,9.942015656888e-01,8.996539206058e-01,6.991117250273e-01,3.909848952444e-01,1.028772803996e-01
4.829883138564e-01,9.935140111290e-01,8.984100133556e-01,6.976622852112e-01,3.899044515106e-01,1.025397734981e-01
4.846560934891e-01,9.928292996707e-01,8.971721049860e-01,6.962208313087e-01,3.888307024497e-01,1.022045315521e-01
4.863238731219e-01,9.921474098343e-01,8.959401460724e-01,6.947872920657e-01,3.877635837561e-01,1.018715316461e-01
4.879916527546e-01,9.914683203755e-01,8.947140877653e-01,6.933615971053e-01,3.867030319592e-01,1.015407511737e-01
4.896594323873e-01,9.907920102818e-01,8.934938817814e-01,6.919436769145e-01,3.856489844107e-01,1.012121678328e-01
4.913272120200e-01,9.901184587693e-01,8.922794803950e-01,6.905334628298e-01,3.846013792703e-01,1.008857596205e-01
4.929949916528e-01,9.894476452795e-01,8.910708364303e-01,6.891308870248e-01,3.835601554930e-01,1.005615048276e-01
4.946627712855e-01,9.887795494757e-01,8.898679032524e-01,6.877358824970e-01,3.825252528164e-01,1.002393820344e-01
4.963305509182e-01,9.881141512406e-01,8.886706347600e-01,6.863483830548e-01,3.814966117475e-01,9.991937010525e-02
4.979983305509e-01,9.874514306723e-01,8.874789853773e-01,6.849683233050e-01,3.804741735509e-01,9.960144818425e-02
4.996661101836e-01,9.867913680822e-01,8.862929100460e-01,6.835956386411e-01,3.794578802364e-01,9.928559569048e-02
5.013338898164e-01,9.861339439912e-01,8.851123642183e-01,6.822302652306e-01,3.784476745470e-01,9.897179231345e-02
5.030016694491e-01,9.854791391275e-01,8.839373038487e-01,6.808721400033e-01,3.774434999475e-01,9.866001800874e-02
5.046694490818e-01,9.848269344230e-01,8.827676853873e-01,6.795212006402e-01,3.764453006127e-01,9.835025299355e-02
5.063372287145e-01,9.841773110112e-01,8.816034657725e-01,6.781773855614e-01,3.754530214166e-01,9.804247774253e-02
5.080050083472e-01,9.835302502239e-01,8.804446024236e-01,6.768406339155e-01,3.744666079211e-01,9.773667298354e-02
5.096727879800e-01,9.828857335886e-01,8.792910532342e-01,6.755108855683e-01,3.734860063649e-01,9.743281969355e-02
5.113405676127e-01,9.822437428258e-01,8.781427765654e-01,6.741880810922e-01,3.725111636538e-01,9.713089909463e-02
5.130083472454e-01,9.816042598466e-01,8.769997312388e-01,6.728721617555e-01,3.715420273493e-01,9.683089265003e-02
5.146761268781e-01,9.809672667499e-01,8.758618765304e-01,6.715630695123e-01,3.705785456590e-01,9.653278206024e-02
5.163439065109e-01,9.803327458196e-01,8.747291721635e-01,6.702607469917e-01,3.696206674262e-01,9.623654925929e-02
5.180116861436e-01,9.797006795227e-01,8.736015783031e-01,6.689651374885e-01,3.686683421206e-01,9.594217641094e-02
5.196794657763e-01,9.790710505062e-01,8.724790555490e-01,6.676761849530e-01,3.677215198282e-01,9.564964590509e-02
5.213472454090e-01,9.784438415953e-01,8.713615649300e-01,6.663938339813e-01,3.667801512417e-01,9.535894035418e-02
5.230150250417e-01,9.778190357902e-01,8.702490678980e-01,6.651180298060e-01,3.658441876518e-01,9.507004258966e-02
5.246828046745e-01,9.771966162648e-01,8.691415263216e-01,6.638487182868e-01,3.649135809376e-01,9.478293565858e-02
5.263505843072e-01,9.765765663633e-01,8.680389024810e-01,6.625858459013e-01,3.639882835577e-01,9.449760282017e-02
5.280183639399e-01,9.759588695988e-01,8.669411590613e-01,6.613293597362e-01,3.630682485418e-01,9.421402754255e-02
5.296861435726e-01,9.753435096506e-01,8.658482591481e-01,6.600792074783e-01,3.621534294814e-01,9.393219349947e-02
5.313539232053e-01,9.747304703622e-01,8.647601662207e-01,6.588353374058e-01,3.612437805219e-01,9.365208456708e-02
5.330217028381e-01,9.741197357390e-01,8.636768441478e-01,6.575976983799e-01,3.603392563541e-01,9.337368482086e-02
5.346894824708e-01,9.735112899463e-01,8.625982571812e-01,6.563662398366e-01,3.594398122058e-01,9.309697853248e-02
5.363572621035e-01,9.729051173071e-01,8.615243699513e-01,6.551409117780e-01,3.585454038343e-01,9.282195016682e-02
5.380250417362e-01,9.723012023000e-01,8.604551474615e-01,6.539216647645e-01,3.576559875179e-01,9.254858437899e-02
5.396928213689e-01,9.716995295576e-01,8.593905550832e-01,6.527084499071e-01,3.567715200487e-01,9.227686601141e-02
5.413606010017e-01,9.711000838639e-01,8.583305585510e-01,6.515012188591e-01,3.558919587247e-01,9.200678009098e-02
5.430283806344e-01,9.705028501528e-01,8.572751239575e-01,6.502999238087e-01,3.550172613425e-01,9.173831182625e-02
5.446961602671e-01,9.699078135057e-01,8.562242177486e-01,6.491045174716e-01,3.541473861896e-01,9.147144660467e-02
5.463639398998e-01,9.693149591504e-01,8.551778067189e-01,6.479149530832e-01,3.532822920380e-01,9.120616998991e-02
5.480317195326e-01,9.687242724582e-01,8.541358580068e-01,6.467311843918e-01,3.524219381360e-01,9.094246771917e-02
5.496994991653e-01,9.681357389430e-01,8.530983390900e-01,6.455531656510e-01,3.515662842025e-01,9.068032570061e-02
5.513672787980e-01,9.675493442589e-01,8.520652177810e-01,6.443808516129e-01,3.507152904190e-01,9.041973001076e-02
5.530350584307e-01,9.669650741986e-01,8.510364622225e-01,6.432141975211e-01,3.498689174238e-01,9.016066689202e-02
5.547028380634e-01,9.663829146918e-01,8.500120408833e-01,6.420531591040e-01,3.490271263049e-01,8.990312275019e-02
5.563706176962e-01,9.658028518031e-01,8.489919225540e-01,6.408976925680e-01,3.481898785937e-01,8.964708415204e-02
5.580383973289e-01,9.652248717307e-01,8.479760763422e-01,6.397477545909e-01,3.473571362586e-01,8.939253782295e-02
5.597061769616e-01,9.646489608046e-01,8.469644716690e-01,6.386033023155e-01,3.465288616988e-01,8.913947064454e-02
5.613739565943e-01,9.640751054848e-01,8.459570782648e-01,6.374642933435e-01,3.457050177382e-01,8.888786965238e-02
5.630417362270e-01,9.635032923598e-01,8.449538661649e-01,6.363306857286e-01,3.448855676190e-01,8.863772203376e-02
5.647095158598e-01,9.629335081450e-01,8.439548057057e-01,6.352024379711e-01,3.440704749963e-01,8.838901512542e-02
5.663772954925e-01,9.623657396813e-01,8.429598675211e-01,6.340795090111e-01,3.432597039319e-01,8.814173641142e-02
5.680450751252e-01,9.617999739330e-01,8.419690225382e-01,6.329618582233e-01,3.424532188887e-01,8.789587352099e-02
5.697128547579e-01,9.612361979871e-01,8.409822419738e-01,6.318494454105e-01,3.416509847251e-01,8.765141422640e-02
5.713806343907e-01,9.606743990510e-01,8.399994973306e-01,6.307422307984e-01,3.408529666892e-01,8.740834644092e-02
5.730484140234e-01,9.601145644517e-01,8.390207603935e-01,6.296401750294e-01,3.400591304138e-01,8.716665821676e-02
5.747161936561e-01,9.595566816336e-01,8.380460032261e-01,6.285432391576e-01,3.392694419105e-01,8.692633774312e-02
5.763839732888e-01,9.590007381579e-01,8.370751981669e-01,6.274513846428e-01,3.384838675650e-01,8.668737334418e-02
5.780517529215e-01,9.584467217006e-01,8.361083178263e-01,6.263645733454e-01,3.377023741315e-01,8.644975347720e-02
5.797195325543e-01,9.578946200513e-01,8.351453350825e-01,6.252827675210e-01,3.369249287278e-01,8.621346673062e-02
5.813873121870e-01,9.573444211117e-01,8.341862230787e-01,6.242059298153e-01,3.361514988302e-01,8.597850182218e-02
5.830550918197e-01,9.567961128946e-01,8.332309552193e-01,6.231340232588e-01,3.353820522686e-01,8.574484759712e-02
5.847228714524e-01,9.562496835222e-01,8.322795051671e-01,6.220670112619e-01,3.346165572218e-01,8.551249302636e-02
5.863906510851e-01,9.557051212248e-01,8.313318468397e-01,6.210048576097e-01,3.338549822125e-01,8.528142720473e-02
5.880584307179e-01,9.551624143399e-01,8.303879544061e-01,6.199475264574e-01,3.330972961027e-01,8.505163934922e-02
5.897262103506e-01,9.546215513106e-01,8.294478022845e-01,6.188949823252e-01,3.323434680892e-01,8.482311879732e-02
5.913939899833e-01,9.540825206842e-01,8.285113651381e-01,6.178471900940e-01,3.315934676990e-01,8.459585500526e-02
5.930617696160e-01,9.535453111114e-01,8.275786178727e-01,6.168041150001e-01,3.308472647849e-01,8.436983754643e-02
5.947295492487e-01,9.530099113447e-01,8.266495356336e-01,6.157657226312e-01,3.301048295208e-01,8.414505610970e-02
5.963973288815e-01,9.524763102376e-01,8.257240938026e-01,6.147319789214e-01,3.293661323978e-01,8.392150049787e-02
5.980651085142e-01,9.519444967429e-01,8.248022679951e-01,6.137028501471e-01,3.286311442199e-01,8.369916062603e-02
5.997328881469e-01,9.514144599120e-01,8.238840340573e-01,6.126783029226e-01,3.278998360995e-01,8.347802652010e-02
6.014006677796e-01,9.508861888935e-01,8.229693680633e-01,6.116583041956e-01,3.271721794536e-01,8.325808831524e-02
6.030684474124e-01,9.503596729322e-01,8.220582463122e-01,6.106428212429e-01,3.264481459996e-01,8.303933625436e-02
6.047362270451e-01,9.498349013677e-01,8.211506453258e-01,6.096318216666e-01,3.257277077515e-01,8.282176068671e-02
6.064040066778e-01,9.493118636339e-01,8.202465418454e-01,6.086252733895e-01,3.250108370157e-01,8.260535206636e-02
6.080717863105e-01,9.487905492571e-01,8.193459128294e-01,6.076231446517e-01,3.242975063874e-01,8.239010095081e-02
6.097395659432e-01,9.482709478558e-01,8.184487354509e-01,6.066254040057e-01,3.235876887468e-01,8.217599799958e-02
6.114073455760e-01,9.477530491390e-01,8.175549870946e-01,6.056320203134e-01,3.228813572551e-01,8.196303397285e-02
6.130751252087e-01,9.472368429053e-01,8.166646453546e-01,6.046429627415e-01,3.221784853512e-01,8.175119973010e-02
6.147429048414e-01,9.467223190421e-01,8.157776880319e-01,6.036582007583e-01,3.214790467479e-01,8.154048622873e-02
6.164106844741e-01,9.462094675245e-01,8.148940931318e-01,6.026777041294e-01,3.207830154281e-01,8.133088452284e-02
6.180784641068e-01,9.456982784141e-01,8.140138388618e-01,6.017014429143e-01,3.200903656418e-01,8.112238576184e-02
6.197462437396e-01,9.451887418582e-01,8.131369036286e-01,6.007293874629e-01,3.194010719023e-01,8.091498118925e-02
6.214140233723e-01,9.446808480889e-01,8.122632660363e-01,5.997615084115e-01,3.187151089828e-01,8.070866214142e-02
6.230818030050e-01,9.441745874220e-01,8.113929048839e-01,5.987977766796e-01,3.180324519135e-01,8.050342004631e-02
6.247495826377e-01,9.436699502562e-01,8.105257991628e-01,5.978381634663e-01,3.173530759774e-01,8.029924642225e-02
6.264173622705e-01,9.431669270719e-01,8.096619280550e-01,5.968826402470e-01,3.166769567083e-01,8.009613287682e-02
6.280851419032e-01,9.426655084306e-01,8.088012709303e-01,5.959311787698e-01,3.160040698863e-01,7.989407110558e-02
6.297529215359e-01,9.421656849740e-01,8.079438073446e-01,5.949837510522e-01,3.153343915358e-01,7.969305289100e-02
6.314207011686e-01,9.416674474227e-01,8.070895170376e-01,5.940403293782e-01,3.146678979216e-01,7.949307010129e-02
6.330884808013e-01,9.411707865757e-01,8.062383799304e-01,5.931008862945e-01,3.140045655463e-01,7.929411468925e-02
6.347562604341e-01,9.406756933097e-01,8.053903761237e-01,5.921653946078e-01,3.133443711471e-01,7.909617869125e-02
6.364240400668e-01,9.401821585776e-01,8.045454858957e-01,5.912338273815e-01,3.126872916930e-01,7.889925422606e-02
6.380918196995e-01,9.396901734083e-01,8.037036897000e-01,5.903061579323e-01,3.120333043817e-01,7.870333349385e-02
6.397595993322e-01,9.391997289055e-01,8.028649681634e-01,5.893823598278e-01,3.113823866370e-01,7.850840877508e-02
6.414273789649e-01,9.387108162470e-01,8.020293020844e-01,5.884624068830e-01,3.107345161056e-01,7.831447242953e-02
6.430951585977e-01,9.382234266841e-01,8.011966724307e-01,5.875462731575e-01,3.100896706547e-01,7.812151689523e-02
6.447629382304e-01,9.377375515402e-01,8.003670603376e-01,5.866339329525e-01,3.094478283691e-01,7.792953468748e-02
6.464307178631e-01,9.372531822108e-01,7.995404471061e-01,5.857253608080e-01,3.088089675485e-01,7.773851839787e-02
6.480984974958e-01,9.367703101621e-01,7.987168142006e-01,5.848205315003e-01,3.081730667047e-01,7.754846069329e-02
6.497662771285e-01,9.362889269304e-01,7.978961432478e-01,5.839194200385e-01,3.075401045594e-01,7.735935431499e-02
6.514340567613e-01,9.358090241217e-01,7.970784160343e-01,5.830220016624e-01,3.069100600411e-01,7.717119207763e-02
6.531018363940e-01,9.353305934104e-01,7.962636145048e-01,5.821282518394e-01,3.062829122831e-01,7.698396686834e-02
6.547696160267e-01,9.348536265390e-01,7.954517207606e-01,5.812381462620e-01,3.056586406206e-01,7.679767164582e-02
6.564373956594e-01,9.343781153171e-01,7.946427170579e-01,5.803516608451e-01,3.050372245882e-01,7.661229943946e-02
6.581051752922e-01,9.339040516207e-01,7.938365858056e-01,5.794687717237e-01,3.044186439179e-01,7.642784334841e-02
6.597729549249e-01,9.334314273918e-01,7.930333095641e-01,5.785894552497e-01,3.038028785363e-01,7.624429654073e-02
6.614407345576e-01,9.329602346373e-01,7.922328710433e-01,5.777136879901e-01,3.031899085623e-01,7.606165225254e-02
6.631085141903e-01,9.324904654287e-01,7.914352531012e-01,5.768414467239e-01,3.025797143050e-01,7.587990378714e-02
6.647762938230e-01,9.320221119010e-01,7.906404387421e-01,5.759727084401e-01,3.019722762612e-01,7.569904451422e-02
6.664440734558e-01,9.315551662524e-01,7.898484111149e-01,5.751074503351e-01,3.013675751133e-01,7.551906786899e-02
6.681118530885e-01,9.310896207433e-01,7.890591535117e-01,5.742456498102e-01,3.007655917269e-01,7.533996735143e-02
6.697796327212e-01,9.306254676960e-01,7.882726493662e-01,5.733872844696e-01,3.001663071487e-01,7.516173652541e-02
6.714474123539e-01,9.301626994938e-01,7.874888822521e-01,5.725323321177e-01,2.995697026043e-01,7.498436901798e-02
6.731151919866e-01,9.297013085806e-01,7.867078358815e-01,5.716807707570e-01,2.989757594963e-01,7.480785851857e-02
6.747829716194e-01,9.292412874599e-01,7.859294941036e-01,5.708325785859e-01,2.983844594017e-01,7.463219877821e-02
6.764507512521e-01,9.287826286946e-01,7.851538409029e-01,5.699877339962e-01,2.977957840704e-01,7.445738360878e-02
6.781185308848e-01,9.283253249060e-01,7.843808603980e-01,5.691462155714e-01,2.972097154229e-01,7.428340688229e-02
6.797863105175e-01,9.278693687735e-01,7.836105368403e-01,5.683080020839e-01,2.966262355482e-01,7.411026253016e-02
6.814540901503e-01,9.274147530339e-01,7.828428546121e-01,5.674730724937e-01,2.960453267018e-01,7.393794454245e-02
6.831218697830e-01,9.269614704808e-01,7.820777982254e-01,5.666414059453e-01,2.954669713041e-01,7.376644696718e-02
6.847896494157e-01,9.265095139639e-01,7.813153523206e-01,5.658129817664e-01,2.948911519382e-01,7.359576390966e-02
6.864574290484e-01,9.260588763887e-01,7.805555016653e-01,5.649877794656e-01,2.943178513478e-01,7.342588953175e-02
6.881252086811e-01,9.256095507157e-01,7.797982311523e-01,5.641657787305e-01,2.937470524359e-01,7.325681805120e-02
6.897929883139e-01,9.251615299599e-01,7.790435257989e-01,5.633469594252e-01,2.931787382623e-01,7.308854374102e-02
6.914607679466e-01,9.247148071903e-01,7.782913707455e-01,5.625313015890e-01,2.926128920423e-01,7.292106092874e-02
6.931285475793e-01,9.242693755293e-01,7.775417512539e-01,5.617187854343e-01,2.920494971448e-01,7.275436399584e-02
6.947963272120e-01,9.238252281523e-01,7.767946527064e-01,5.609093913443e-01,2.914885370901e-01,7.258844737706e-02
6.964641068447e-01,9.233823582867e-01,7.760500606044e-01,5.601030998715e-01,2.909299955488e-01,7.242330555978e-02
6.981318864775e-01,9.229407592122e-01,7.753079605670e-01,5.592998917357e-01,2.903738563397e-01,7.225893308343e-02
6.997996661102e-01,9.225004242594e-01,7.745683383302e-01,5.584997478224e-01,2.898201034281e-01,7.209532453880e-02
7.014674457429e-01,9.220613468099e-01,7.738311797451e-01,5.577026491805e-01,2.892687209242e-01,7.193247456753e-02
7.031352253756e-01,9.216235202956e-01,7.730964707771e-01,5.569085770210e-01,2.887196930815e-01,7.177037786144e-02
7.048030050083e-01,9.211869381980e-01,7.723641975047e-01,5.561175127149e-01,2.881730042952e-01,7.160902916197e-02
7.064707846411e-01,9.207515940480e-01,7.716343461180e-01,5.553294377916e-01,2.876286391004e-01,7.144842325961e-02
7.081385642738e-01,9.203174814254e-01,7.709069029179e-01,5.545443339373e-01,2.870865821707e-01,7.128855499329e-02
7.098063439065e-01,9.198845939581e-01,7.701818543149e-01,5.537621829931e-01,2.865468183165e-01,7.112941924988e-02
7.114741235392e-01,9.194529253221e-01,7.694591868277e-01,5.529829669534e-01,2.860093324837e-01,7.097101096356e-02
7.131419031720e-01,9.190224692405e-01,7.687388870823e-01,5.522066679643e-01,2.854741097518e-01,7.081332511534e-02
7.148096828047e-01,9.185932194835e-01,7.680209418110e-01,5.514332683219e-01,2.849411353327e-01,7.065635673247e-02
7.164774624374e-01,9.181651698678e-01,7.673053378511e-01,5.506627504708e-01,2.844103945693e-01,7.050010088793e-02
7.181452420701e-01,9.177383142558e-01,7.665920621439e-01,5.498950970023e-01,2.838818729337e-01,7.034455269989e-02
7.198130217028e-01,9.173126465557e-01,7.658811017336e-01,5.491302906531e-01,2.833555560259e-01,7.018970733123e-02
7.214808013356e-01,9.168881607207e-01,7.651724437663e-01,5.483683143036e-01,2.828314295726e-01,7.003555998895e-02
7.231485809683e-01,9.164648507488e-01,7.644660754891e-01,5.476091509763e-01,2.823094794254e-01,6.988210592377e-02
7.248163606010e-01,9.160427106821e-01,7.637619842489e-01,5.468527838346e-01,2.817896915598e-01,6.972934042954e-02
7.264841402337e-01,9.156217346065e-01,7.630601574912e-01,5.460991961809e-01,2.812720520737e-01,6.957725884281e-02
7.281519198664e-01,9.152019166514e-01,7.623605827596e-01,5.453483714555e-01,2.807565471859e-01,6.942585654230e-02
7.298196994992e-01,9.147832509890e-01,7.616632476944e-01,5.446002932349e-01,2.802431632349e-01,6.927512894848e-02
7.314874791319e-01,9.143657318342e-01,7.609681400319e-01,5.438549452306e-01,2.797318866778e-01,6.912507152303e-02
7.331552587646e-01,9.139493534441e-01,7.602752476033e-01,5.431123112872e-01,2.792227040885e-01,6.897567976843e-02
7.348230383973e-01,9.135341101173e-01,7.595845583336e-01,5.423723753819e-01,2.787156021568e-01,6.882694922748e-02
7.364908180301e-01,9.131199961941e-01,7.588960602410e-01,5.416351216221e-01,2.782105676873e-01,6.867887548286e-02
7.381585976628e-01,9.127070060554e-01,7.582097414357e-01,5.409005342448e-01,2.777075875977e-01,6.853145415665e-02
7.398263772955e-01,9.122951341229e-01,7.575255901192e-01,5.401685976149e-01,2.772066489177e-01,6.838468090994e-02
7.414941569282e-01,9.118843748584e-01,7.568435945833e-01,5.394392962239e-01,2.767077387881e-01,6.823855144237e-02
7.431619365609e-01,9.114747227636e-01,7.561637432090e-01,5.387126146887e-01,2.762108444593e-01,6.809306149167e-02
7.448297161937e-01,9.110661723794e-01,7.554860244661e-01,5.379885377503e-01,2.757159532902e-01,6.794820683332e-02
7.464974958264e-01,9.106587182861e-01,7.548104269117e-01,5.372670502724e-01,2.752230527470e-01,6.780398328004e-02
7.481652754591e-01,9.102523551025e-01,7.541369391900e-01,5.365481372403e-01,2.747321304023e-01,6.766038668144e-02
7.498330550918e-01,9.098470774856e-01,7.534655500310e-01,5.358317837596e-01,2.742431739334e-01,6.751741292360e-02
7.515008347245e-01,9.094428801307e-01,7.527962482497e-01,5.351179750548e-01,2.737561711218e-01,6.737505792866e-02
7.531686143573e-01,9.090397577705e-01,7.521290227456e-01,5.344066964683e-01,2.732711098519e-01,6.723331765442e-02
7.548363939900e-01,9.086377051750e-01,7.514638625015e-01,5.336979334593e-01,2.727879781096e-01,6.709218809398e-02
7.565041736227e-01,9.082367171512e-01,7.508007565828e-01,5.329916716023e-01,2.723067639817e-01,6.695166527532e-02
7.581719532554e-01,9.078367885426e-01,7.501396941368e-01,5.322878965859e-01,2.718274556543e-01,6.681174526093e-02
7.598397328881e-01,9.074379142290e-01,7.494806643918e-01,5.315865942123e-01,2.713500414125e-01,6.667242414746e-02
7.615075125209e-01,9.070400891262e-01,7.488236566564e-01,5.308877503954e-01,2.708745096386e-01,6.653369806531e-02
7.631752921536e-01,9.066433081854e-01,7.481686603187e-01,5.301913511598e-01,2.704008488114e-01,6.639556317830e-02
7.648430717863e-01,9.062475663932e-01,7.475156648455e-01,5.294973826403e-01,2.699290475052e-01,6.625801568327e-02
7.665108514190e-01,9.058528587710e-01,7.468646597816e-01,5.288058310800e-01,2.694590943891e-01,6.612105180977e-02
7.681786310518e-01,9.054591803750e-01,7.462156347489e-01,5.281166828296e-01,2.689909782252e-01,6.598466781968e-02
7.698464106845e-01,9.050665262956e-01,7.455685794461e-01,5.274299243465e-01,2.685246878685e-01,6.584886000686e-02
7.715141903172e-01,9.046748916572e-01,7.449234836472e-01,5.267455421933e-01,2.680602122654e-01,6.571362469684e-02
7.731819699499e-01,9.042842716179e-01,7.442803372018e-01,5.260635230372e-01,2.675975404530e-01,6.557895824644e-02
7.748497495826e-01,9.038946613691e-01,7.436391300333e-01,5.253838536486e-01,2.671366615581e-01,6.544485704346e-02
7.765175292154e-01,9.035060561354e-01,7.429998521390e-01,5.247065209003e-01,2.666775647961e-01,6.531131750634e-02
7.781853088481e-01,9.031184511741e-01,7.423624935892e-01,5.240315117664e-01,2.662202394706e-01,6.517833608386e-02
7.798530884808e-01,9.027318417750e-01,7.417270445263e-01,5.233588133213e-01,2.657646749716e-01,6.504590925478e-02
7.815208681135e-01,9.023462232602e-01,7.410934951643e-01,5.226884127389e-01,2.653108607758e-01,6.491403352755e-02
7.831886477462e-01,9.019615909834e-01,7.404618357881e-01,5.220202972913e-01,2.648587864445e-01,6.478270544001e-02
7.848564273790e-01,9.015779403303e-01,7.398320567529e-01,5.213544543480e-01,2.644084416236e-01,6.465192155902e-02
7.865242070117e-01,9.011952667177e-01,7.392041484834e-01,5.206908713751e-01,2.639598160425e-01,6.452167848024e-02
7.881919866444e-01,9.008135655934e-01,7.385781014733e-01,5.200295359341e-01,2.635128995130e-01,6.439197282776e-02
7.898597662771e-01,9.004328324363e-01,7.379539062844e-01,5.193704356811e-01,2.630676819288e-01,6.426280125382e-02
7.915275459098e-01,9.000530627555e-01,7.373315535465e-01,5.187135583659e-01,2.626241532646e-01,6.413416043856e-02
7.931953255426e-01,8.996742520905e-01,7.367110339562e-01,5.180588918311e-01,2.621823035749e-01,6.400604708966e-02
7.948631051753e-01,8.992963960107e-01,7.360923382764e-01,5.174064240112e-01,2.617421229939e-01,6.387845794210e-02
7.965308848080e-01,8.989194901153e-01,7.354754573361e-01,5.167561429314e-01,2.613036017341e-01,6.375138975786e-02
7.981986644407e-01,8.985435300327e-01,7.348603820292e-01,5.161080367074e-01,2.608667300858e-01,6.362483932566e-02
7.998664440735e-01,8.981685114209e-01,7.342471033145e-01,5.154620935439e-01,2.604314984162e-01,6.349880346065e-02
8.015342237062e-01,8.977944299665e-01,7.336356122145e-01,5.148183017342e-01,2.599978971686e-01,6.337327900417e-02
8.032020033389e-01,8.974212813849e-01,7.330258998153e-01,5.141766496588e-01,2.595659168620e-01,6.324826282347e-02
8.048697829716e-01,8.970490614200e-01,7.324179572658e-01,5.135371257852e-01,2.591355480898e-01,6.312375181143e-02
8.065375626043e-01,8.966777658438e-01,7.318117757772e-01,5.128997186668e-01,2.587067815194e-01,6.299974288632e-02
8.082053422371e-01,8.963073904562e-01,7.312073466223e-01,5.122644169418e-01,2.582796078915e-01,6.287623299153e-02
8.098731218698e-01,8.959379310849e-01,7.306046611351e-01,5.116312093330e-01,2.578540180191e-01,6.275321909531e-02
8.115409015025e-01,8.955693835850e-01,7.300037107102e-01,5.110000846464e-01,2.574300027871e-01,6.263069819052e-02
8.132086811352e-01,8.952017438389e-01,7.294044868023e-01,5.103710317709e-01,2.570075531515e-01,6.250866729440e-02
8.148764607679e-01,8.948350077559e-01,7.288069809255e-01,5.097440396771e-01,2.565866601383e-01,6.238712344827e-02
8.165442404007e-01,8.944691712721e-01,7.282111846528e-01,5.091190974168e-01,2.561673148437e-01,6.226606371737e-02
8.182120200334e-01,8.941042303502e-01,7.276170896159e-01,5.084961941223e-01,2.557495084324e-01,6.214548519051e-02
8.198797996661e-01,8.937401809790e-01,7.270246875042e-01,5.078753190052e-01,2.553332321376e-01,6.202538497995e-02
8.215475792988e-01,8.933770191735e-01,7.264339700646e-01,5.072564613564e-01,2.549184772604e-01,6.190576022108e-02
8.232153589316e-01,8.930147409747e-01,7.258449291006e-01,5.066396105447e-01,2.545052351683e-01,6.178660807220e-02
8.248831385643e-01,8.926533424489e-01,7.252575564726e-01,5.060247560162e-01,2.540934972958e-01,6.166792571434e-02
8.265509181970e-01,8.922928196882e-01,7.246718440964e-01,5.054118872939e-01,2.536832551425e-01,6.154971035097e-02
8.282186978297e-01,8.919331688097e-01,7.240877839435e-01,5.048009939767e-01,2.532745002734e-01,6.143195920782e-02
8.298864774624e-01,8.915743859554e-01,7.235053680400e-01,5.041920657388e-01,2.528672243179e-01,6.131466953264e-02
8.315542570952e-01,8.912164672922e-01,7.229245884667e-01,5.035850923290e-01,2.524614189691e-01,6.119783859498e-02
8.332220367279e-01,8.908594090117e-01,7.223454373581e-01,5.029800635699e-01,2.520570759833e-01,6.108146368600e-02
8.348898163606e-01,8.905032073295e-01,7.217679069024e-01,5.023769693574e-01,2.516541871796e-01,6.096554211820e-02
8.365575959933e-01,8.901478584858e-01,7.211919893404e-01,5.017757996599e-01,2.512527444388e-01,6.085007122528e-02
8.382253756260e-01,8.897933587444e-01,7.206176769658e-01,5.011765445178e-01,2.508527397032e-01,6.073504836186e-02
8.398931552588e-01,8.894397043931e-01,7.200449621242e-01,5.005791940426e-01,2.504541649761e-01,6.062047090335e-02
8.415609348915e-01,8.890868917431e-01,7.194738372128e-01,4.999837384164e-01,2.500570123207e-01,6.050633624567e-02
8.432287145242e-01,8.887349171290e-01,7.189042946799e-01,4.993901678913e-01,2.496612738601e-01,6.039264180511e-02
8.448964941569e-01,8.883837769087e-01,7.183363270247e-01,4.987984727886e-01,2.492669417765e-01,6.027938501810e-02
8.465642737896e-01,8.880334674629e-01,7.177699267964e-01,4.982086434984e-01,2.488740083105e-01,6.016656334101e-02
8.482320534224e-01,8.876839851952e-01,7.172050865944e-01,4.976206704786e-01,2.484824657608e-01,6.005417424998e-02
8.498998330551e-01,8.873353265317e-01,7.166417990671e-01,4.970345442549e-01,2.480923064834e-01,5.994221524070e-02
8.515676126878e-01,8.869874879211e-01,7.160800569123e-01,4.964502554195e-01,2.477035228914e-01,5.983068382825e-02
8.532353923205e-01,8.866404658342e-01,7.155198528759e-01,4.958677946309e-01,2.473161074541e-01,5.971957754688e-02
8.549031719533e-01,8.862942567637e-01,7.149611797523e-01,4.952871526135e-01,2.469300526967e-01,5.960889394986e-02
8.565709515860e-01,8.859488572245e-01,7.144040303835e-01,4.947083201563e-01,2.465453511998e-01,5.949863060926e-02
8.582387312187e-01,8.856042637531e-01,7.138483976589e-01,4.941312881132e-01,2.461619955986e-01,5.938878511580e-02
8.599065108514e-01,8.852604729072e-01,7.132942745146e-01,4.935560474016e-01,2.457799785827e-01,5.927935507865e-02
8.615742904841e-01,8.849174812662e-01,7.127416539335e-01,4.929825890025e-01,2.453992928955e-01,5.917033812528e-02
8.632420701169e-01,8.845752854305e-01,7.121905289444e-01,4.924109039594e-01,2.450199313337e-01,5.906173190123e-02
8.649098497496e-01,8.842338820216e-01,7.116408926220e-01,4.918409833783e-01,2.446418867468e-01,5.895353407001e-02
8.665776293823e-01,8.838932676817e-01,7.110927380862e-01,4.912728184267e-01,2.442651520365e-01,5.884574231287e-02
8.682454090150e-01,8.835534390737e-01,7.105460585019e-01,4.907064003330e-01,2.438897201563e-01,5.873835432868e-02
8.699131886477e-01,8.832143928810e-01,7.100008470787e-01,4.901417203865e-01,2.435155841113e-01,5.863136783370e-02
8.715809682805e-01,8.828761258074e-01,7.094570970701e-01,4.895787699364e-01,2.431427369573e-01,5.852478056148e-02
8.732487479132e-01,8.825386345767e-01,7.089148017739e-01,4.890175403913e-01,2.427711718003e-01,5.841859026267e-02
8.749165275459e-01,8.822019159328e-01,7.083739545309e-01,4.884580232189e-01,2.424008817967e-01,5.831279470483e-02
8.765843071786e-01,8.818659666394e-01,7.078345487252e-01,4.879002099454e-01,2.420318601520e-01,5.820739167234e-02
8.782520868114e-01,8.815307834799e-01,7.072965777838e-01,4.873440921547e-01,2.416641001210e-01,5.810237896616e-02
8.799198664441e-01,8.811963632573e-01,7.067600351758e-01,4.867896614884e-01,2.412975950069e-01,5.799775440373e-02
8.815876460768e-01,8.808627027939e-01,7.062249144125e-01,4.862369096451e-01,2.409323381611e-01,5.789351581881e-02
8.832554257095e-01,8.805297989311e-01,7.056912090468e-01,4.856858283795e-01,2.405683229827e-01,5.778966106130e-02
8.849232053422e-01,8.801976485295e-01,7.051589126730e-01,4.851364095026e-01,2.402055429183e-01,5.768618799713e-02
8.865909849750e-01,8.798662484687e-01,7.046280189263e-01,4.845886448808e-01,2.398439914611e-01,5.758309450806e-02
8.882587646077e-01,8.795355956468e-01,7.040985214827e-01,4.840425264354e-01,2.394836621507e-01,5.748037849157e-02
8.899265442404e-01,8.792056869808e-01,7.035704140583e-01,4.834980461423e-01,2.391245485730e-01,5.737803786073e-02
8.915943238731e-01,8.788765194059e-01,7.030436904095e-01,4.829551960314e-01,2.387666443592e-01,5.727607054399e-02
8.932621035058e-01,8.785480898759e-01,7.025183443321e-01,4.824139681863e-01,2.384099431859e-01,5.717447448510e-02
8.949298831386e-01,8.782203953625e-01,7.019943696613e-01,4.818743547436e-01,2.380544387744e-01,5.707324764295e-02
8.965976627713e-01,8.778934328556e-01,7.014717602714e-01,4.813363478927e-01,2.377001248903e-01,5.697238799142e-02
8.982654424040e-01,8.775671993630e-01,7.009505100751e-01,4.807999398751e-01,2.373469953435e-01,5.687189351925e-02
8.999332220367e-01,8.772416919103e-01,7.004306130239e-01,4.802651229841e-01,2.369950439870e-01,5.677176222992e-02
9.016010016694e-01,8.769169075406e-01,6.999120631072e-01,4.797318895645e-01,2.366442647176e-01,5.667199214146e-02
9.032687813022e-01,8.765928433144e-01,6.993948543519e-01,4.792002320119e-01,2.362946514745e-01,5.657258128639e-02
9.049365609349e-01,8.762694963099e-01,6.988789808226e-01,4.786701427722e-01,2.359461982395e-01,5.647352771156e-02
9.066043405676e-01,8.759468636222e-01,6.983644366211e-01,4.781416143416e-01,2.355988990365e-01,5.637482947797e-02
9.082721202003e-01,8.756249423636e-01,6.978512158859e-01,4.776146392658e-01,2.352527479311e-01,5.627648466073e-02
9.099398998331e-01,8.753037296632e-01,6.973393127921e-01,4.770892101397e-01,2.349077390301e-01,5.617849134886e-02
9.116076794658e-01,8.749832226672e-01,6.968287215510e-01,4.765653196071e-01,2.345638664815e-01,5.608084764519e-02
9.132754590985e-01,8.746634185383e-01,6.963194364100e-01,4.760429603601e-01,2.342211244738e-01,5.598355166626e-02
9.149432387312e-01,8.743443144557e-01,6.958114516519e-01,4.755221251386e-01,2.338795072358e-01,5.588660154214e-02
9.166110183639e-01,8.740259076153e-01,6.953047615952e-01,4.750028067304e-01,2.335390090361e-01,5.578999541636e-02
9.182787979967e-01,8.737081952290e-01,6.947993605934e-01,4.744849979703e-01,2.331996241830e-01,5.569373144576e-02
9.199465776294e-01,8.733911745251e-01,6.942952430347e-01,4.739686917399e-01,2.328613470240e-01,5.559780780039e-02
9.216143572621e-01,8.730748427478e-01,6.937924033419e-01,4.734538809670e-01,2.325241719453e-01,5.550222266337e-02
9.232821368948e-01,8.727591971575e-01,6.932908359722e-01,4.729405586259e-01,2.321880933720e-01,5.540697423078e-02
9.249499165275e-01,8.724442350301e-01,6.927905354167e-01,4.724287177359e-01,2.318531057670e-01,5.531206071158e-02
9.266176961603e-01,8.721299536573e-01,6.922914962003e-01,4.719183513621e-01,2.315192036314e-01,5.521748032742e-02
9.282854757930e-01,8.718163503466e-01,6.917937128811e-01,4.714094526141e-01,2.311863815036e-01,5.512323131259e-02
9.299532554257e-01,8.715034224207e-01,6.912971800507e-01,4.709020146461e-01,2.308546339593e-01,5.502931191391e-02
9.316210350584e-01,8.711911672178e-01,6.908018923337e-01,4.703960306566e-01,2.305239556114e-01,5.493572039056e-02
9.332888146912e-01,8.708795820912e-01,6.903078443869e-01,4.698914938877e-01,2.301943411089e-01,5.484245501403e-02
9.349565943239e-01,8.705686644095e-01,6.898150309001e-01,4.693883976249e-01,2.298657851373e-01,5.474951406799e-02
9.366243739566e-01,8.702584115560e-01,6.893234465949e-01,4.688867351968e-01,2.295382824183e-01,5.465689584818e-02
9.382921535893e-01,8.699488209293e-01,6.888330862249e-01,4.683864999748e-01,2.292118277088e-01,5.456459866230e-02
9.399599332220e-01,8.696398899425e-01,6.883439445754e-01,4.678876853725e-01,2.288864158014e-01,5.447262082992e-02
9.416277128548e-01,8.693316160235e-01,6.878560164632e-01,4.673902848455e-01,2.285620415237e-01,5.438096068236e-02
9.432954924875e-01,8.690239966145e-01,6.873692967360e-01,4.668942918913e-01,2.282386997380e-01,5.428961656260e-02
9.449632721202e-01,8.687170291726e-01,6.868837802728e-01,4.663997000485e-01,2.279163853409e-01,5.419858682516e-02
9.466310517529e-01,8.684107111689e-01,6.863994619830e-01,4.659065028968e-01,2.275950932635e-01,5.410786983603e-02
9.482988313856e-01,8.681050400889e-01,6.859163368065e-01,4.654146940564e-01,2.272748184706e-01,5.401746397253e-02
9.499666110184e-01,8.678000134321e-01,6.854343997137e-01,4.649242671882e-01,2.269555559606e-01,5.392736762326e-02
9.516343906511e-01,8.674956287123e-01,6.849536457045e-01,4.644352159928e-01,2.266373007653e-01,5.383757918796e-02
9.533021702838e-01,8.671918834568e-01,6.844740698090e-01,4.639475342105e-01,2.263200479494e-01,5.374809707742e-02
9.549699499165e-01,8.668887752072e-01,6.839956670867e-01,4.634612156211e-01,2.260037926104e-01,5.365891971341e-02
9.566377295492e-01,8.665863015185e-01,6.835184326262e-01,4.629762540433e-01,2.256885298783e-01,5.357004552857e-02
9.583055091820e-01,8.662844599594e-01,6.830423615453e-01,4.624926433348e-01,2.253742549155e-01,5.348147296629e-02
9.599732888147e-01,8.659832481122e-01,6.825674489909e-01,4.620103773914e-01,2.250609629160e-01,5.339320048067e-02
9.616410684474e-01,8.656826635726e-01,6.820936901381e-01,4.615294501472e-01,2.247486491057e-01,5.330522653640e-02
9.633088480801e-01,8.653827039496e-01,6.816210801907e-01,4.610498555743e-01,2.244373087418e-01,5.321754960864e-02
9.649766277129e-01,8.650833668654e-01,6.811496143807e-01,4.605715876819e-01,2.241269371128e-01,5.313016818299e-02
9.666444073456e-01,8.647846499555e-01,6.806792879679e-01,4.600946405167e-01,2.238175295380e-01,5.304308075537e-02
9.683121869783e-01,8.644865508681e-01,6.802100962401e-01,4.596190081623e-01,2.235090813673e-01,5.295628583191e-02
9.699799666110e-01,8.641890672648e-01,6.797420345124e-01,4.591446847389e-01,2.232015879811e-01,5.286978192891e-02
9.716477462437e-01,8.638921968198e-01,6.792750981275e-01,4.586716644031e-01,2.228950447898e-01,5.278356757272e-02
9.733155258765e-01,8.635959372199e-01,6.788092824552e-01,4.581999413475e-01,2.225894472338e-01,5.269764129967e-02
9.749833055092e-01,8.633002861649e-01,6.783445828921e-01,4.577295098004e-01,2.222847907831e-01,5.261200165597e-02
9.766510851419e-01,8.630052413671e-01,6.778809948616e-01,4.572603640257e-01,2.219810709372e-01,5.252664719765e-02
9.783188647746e-01,8.627108005511e-01,6.774185138137e-01,4.567924983225e-01,2.216782832245e-01,5.244157649044e-02
9.799866444073e-01,8.624169614540e-01,6.769571352248e-01,4.563259070250e-01,2.213764232026e-01,5.235678810974e-02
9.816544240401e-01,8.621237218253e-01,6.764968545973e-01,4.558605845016e-01,2.210754864576e-01,5.227228064050e-02
9.833222036728e-01,8.618310794266e-01,6.760376674596e-01,4.553965251556e-01,2.207754686042e-01,5.218805267714e-02
9.849899833055e-01,8.615390320318e-01,6.755795693658e-01,4.549337234242e-01,2.204763652853e-01,5.210410282351e-02
9.866577629382e-01,8.612475774267e-01,6.751225558957e-01,4.544721737785e-01,2.201781721716e-01,5.202042969274e-02
9.883255425710e-01,8.609567134091e-01,6.746666226544e-01,4.540118707230e-01,2.198808849617e-01,5.193703190723e-02
9.899933222037e-01,8.606664377886e-01,6.742117652722e-01,4.535528087960e-01,2.195844993819e-01,5.185390809856e-02
9.916611018364e-01,8.603767483868e-01,6.737579794043e-01,4.530949825684e-01,2.192890111855e-01,5.177105690737e-02
9.933288814691e-01,8.600876430368e-01,6.733052607309e-01,4.526383866441e-01,2.189944161532e-01,5.168847698334e-02
9.949966611018e-01,8.597991195835e-01,6.728536049567e-01,4.521830156598e-01,2.187007100923e-01,5.160616698508e-02
9.966644407346e-01,8.595111758833e-01,6.724030078108e-01,4.517288642842e-01,2.184078888370e-01,5.152412558006e-02
9.983322203673e-01,8.592238098039e-01,6.719534650468e-01,4.512759272181e-01,2.181159482479e-01,5.144235144457e-02
1.000000000000e+00,8.589370192247e-01,6.715049724421e-01,4.508241991944e-01,2.178248842117e-01,5.136084326358e-02
