gamma,theta,theta_inf
2.000000000000e-02,-1.764705882353e+00,-9.176470588235e+01
2.245614035088e-02,-1.976664378861e+00,-9.197666437886e+01
2.491228070175e-02,-2.187606983910e+00,-9.218760698391e+01
2.736842105263e-02,-2.397540983607e+00,-9.239754098361e+01
2.982456140351e-02,-2.606473594549e+00,-9.260647359455e+01
3.228070175439e-02,-2.814411964650e+00,-9.281441196465e+01
3.473684210526e-02,-3.021363173957e+00,-9.302136317396e+01
3.719298245614e-02,-3.227334235453e+00,-9.322733423545e+01
3.964912280702e-02,-3.432332095849e+00,-9.343233209585e+01
4.210526315789e-02,-3.636363636364e+00,-9.363636363636e+01
4.456140350877e-02,-3.839435673497e+00,-9.383943567350e+01
4.701754385965e-02,-4.041554959786e+00,-9.404155495979e+01
4.947368421053e-02,-4.242728184554e+00,-9.424272818455e+01
5.192982456140e-02,-4.442961974650e+00,-9.444296197465e+01
5.438596491228e-02,-4.642262895175e+00,-9.464226289517e+01
5.684210526316e-02,-4.840637450199e+00,-9.484063745020e+01
5.929824561404e-02,-5.038092083471e+00,-9.503809208347e+01
6.175438596491e-02,-5.234633179114e+00,-9.523463317911e+01
6.421052631579e-02,-5.430267062315e+00,-9.543026706231e+01
6.666666666667e-02,-5.625000000000e+00,-9.562500000000e+01
6.912280701754e-02,-5.818838201510e+00,-9.581883820151e+01
7.157894736842e-02,-6.011787819253e+00,-9.601178781925e+01
7.403508771930e-02,-6.203854949363e+00,-9.620385494936e+01
7.649122807018e-02,-6.395045632334e+00,-9.639504563233e+01
7.894736842105e-02,-6.585365853659e+00,-9.658536585366e+01
8.140350877193e-02,-6.774821544452e+00,-9.677482154445e+01
8.385964912281e-02,-6.963418582065e+00,-9.696341858207e+01
8.631578947368e-02,-7.151162790698e+00,-9.715116279070e+01
8.877192982456e-02,-7.338059941992e+00,-9.733805994199e+01
9.122807017544e-02,-7.524115755627e+00,-9.752411575563e+01
9.368421052632e-02,-7.709335899904e+00,-9.770933589990e+01
9.614035087719e-02,-7.893725992318e+00,-9.789372599232e+01
9.859649122807e-02,-8.077291600128e+00,-9.807729160013e+01
1.010526315789e-01,-8.260038240918e+00,-9.826003824092e+01
1.035087719298e-01,-8.441971383148e+00,-9.844197138315e+01
1.059649122807e-01,-8.623096446701e+00,-9.862309644670e+01
1.084210526316e-01,-8.803418803419e+00,-9.880341880342e+01
1.108771929825e-01,-8.982943777637e+00,-9.898294377764e+01
1.133333333333e-01,-9.161676646707e+00,-9.916167664671e+01
1.157894736842e-01,-9.339622641509e+00,-9.933962264151e+01
1.182456140351e-01,-9.516786946972e+00,-9.951678694697e+01
1.207017543860e-01,-9.693174702567e+00,-9.969317470257e+01
1.231578947368e-01,-9.868791002812e+00,-9.986879100281e+01
1.256140350877e-01,-1.004364089776e+01,-1.000436408978e+02
1.280701754386e-01,-1.021772939347e+01,-1.002177293935e+02
1.305263157895e-01,-1.039106145251e+01,-1.003910614525e+02
1.329824561404e-01,-1.056364199443e+01,-1.005636419944e+02
1.354385964912e-01,-1.073547589617e+01,-1.007354758962e+02
1.378947368421e-01,-1.090656799260e+01,-1.009065679926e+02
1.403508771930e-01,-1.107692307692e+01,-1.010769230769e+02
1.428070175439e-01,-1.124654590114e+01,-1.012465459011e+02
1.452631578947e-01,-1.141544117647e+01,-1.014154411765e+02
1.477192982456e-01,-1.158361357383e+01,-1.015836135738e+02
1.501754385965e-01,-1.175106772422e+01,-1.017510677242e+02
1.526315789474e-01,-1.191780821918e+01,-1.019178082192e+02
1.550877192982e-01,-1.208383961118e+01,-1.020838396112e+02
1.575438596491e-01,-1.224916641406e+01,-1.022491664141e+02
1.600000000000e-01,-1.241379310345e+01,-1.024137931034e+02
1.624561403509e-01,-1.257772411711e+01,-1.025777241171e+02
1.649122807018e-01,-1.274096385542e+01,-1.027409638554e+02
1.673684210526e-01,-1.290351668170e+01,-1.029035166817e+02
1.698245614035e-01,-1.306538692262e+01,-1.030653869226e+02
1.722807017544e-01,-1.322657886860e+01,-1.032265788686e+02
1.747368421053e-01,-1.338709677419e+01,-1.033870967742e+02
1.771929824561e-01,-1.354694485842e+01,-1.035469448584e+02
1.796491228070e-01,-1.370612730518e+01,-1.037061273052e+02
1.821052631579e-01,-1.386464826358e+01,-1.038646482636e+02
1.845614035088e-01,-1.402251184834e+01,-1.040225118483e+02
1.870175438596e-01,-1.417972214011e+01,-1.041797221401e+02
1.894736842105e-01,-1.433628318584e+01,-1.043362831858e+02
1.919298245614e-01,-1.449219899912e+01,-1.044921989991e+02
1.943859649123e-01,-1.464747356052e+01,-1.046474735605e+02
1.968421052632e-01,-1.480211081794e+01,-1.048021108179e+02
1.992982456140e-01,-1.495611468695e+01,-1.049561146870e+02
2.017543859649e-01,-1.510948905109e+01,-1.051094890511e+02
2.042105263158e-01,-1.526223776224e+01,-1.052622377622e+02
2.066666666667e-01,-1.541436464088e+01,-1.054143646409e+02
2.091228070175e-01,-1.556587347649e+01,-1.055658734765e+02
2.115789473684e-01,-1.571676802780e+01,-1.057167680278e+02
2.140350877193e-01,-1.586705202312e+01,-1.058670520231e+02
2.164912280702e-01,-1.601672916066e+01,-1.060167291607e+02
2.189473684211e-01,-1.616580310881e+01,-1.061658031088e+02
2.214035087719e-01,-1.631427750646e+01,-1.063142775065e+02
2.238596491228e-01,-1.646215596330e+01,-1.064621559633e+02
2.263157894737e-01,-1.660944206009e+01,-1.066094420601e+02
2.287719298246e-01,-1.675613934894e+01,-1.067561393489e+02
2.312280701754e-01,-1.690225135366e+01,-1.069022513537e+02
2.336842105263e-01,-1.704778156997e+01,-1.070477815700e+02
2.361403508772e-01,-1.719273346580e+01,-1.071927334658e+02
2.385964912281e-01,-1.733711048159e+01,-1.073371104816e+02
2.410526315789e-01,-1.748091603053e+01,-1.074809160305e+02
2.435087719298e-01,-1.762415349887e+01,-1.076241534989e+02
2.459649122807e-01,-1.776682624613e+01,-1.077668262461e+02
2.484210526316e-01,-1.790893760540e+01,-1.079089376054e+02
2.508771929825e-01,-1.805049088359e+01,-1.080504908836e+02
2.533333333333e-01,-1.819148936170e+01,-1.081914893617e+02
2.557894736842e-01,-1.833193629505e+01,-1.083319362951e+02
2.582456140351e-01,-1.847183491355e+01,-1.084718349136e+02
2.607017543860e-01,-1.861118842193e+01,-1.086111884219e+02
2.631578947368e-01,-1.875000000000e+01,-1.087500000000e+02
2.656140350877e-01,-1.888827280288e+01,-1.088882728029e+02
2.680701754386e-01,-1.902600996126e+01,-1.090260099613e+02
2.705263157895e-01,-1.916321458161e+01,-1.091632145816e+02
2.729824561404e-01,-1.929988974642e+01,-1.092998897464e+02
2.754385964912e-01,-1.943603851444e+01,-1.094360385144e+02
2.778947368421e-01,-1.957166392092e+01,-1.095716639209e+02
2.803508771930e-01,-1.970676897780e+01,-1.097067689778e+02
2.828070175439e-01,-1.984135667396e+01,-1.098413566740e+02
2.852631578947e-01,-1.997542997543e+01,-1.099754299754e+02
2.877192982456e-01,-2.010899182561e+01,-1.101089918256e+02
2.901754385965e-01,-2.024204514550e+01,-1.102420451455e+02
2.926315789474e-01,-2.037459283388e+01,-1.103745928339e+02
2.950877192982e-01,-2.050663776754e+01,-1.105066377675e+02
2.975438596491e-01,-2.063818280151e+01,-1.106381828015e+02
3.000000000000e-01,-2.076923076923e+01,-1.107692307692e+02
3.024561403509e-01,-2.089978448276e+01,-1.108997844828e+02
3.049122807018e-01,-2.102984673299e+01,-1.110298467330e+02
3.073684210526e-01,-2.115942028986e+01,-1.111594202899e+02
3.098245614035e-01,-2.128850790249e+01,-1.112885079025e+02
3.122807017544e-01,-2.141711229947e+01,-1.114171122995e+02
3.147368421053e-01,-2.154523618895e+01,-1.115452361890e+02
3.171929824561e-01,-2.167288225892e+01,-1.116728822589e+02
3.196491228070e-01,-2.180005317735e+01,-1.118000531773e+02
3.221052631579e-01,-2.192675159236e+01,-1.119267515924e+02
3.245614035088e-01,-2.205298013245e+01,-1.120529801325e+02
3.270175438596e-01,-2.217874140666e+01,-1.121787414067e+02
3.294736842105e-01,-2.230403800475e+01,-1.123040380048e+02
3.319298245614e-01,-2.242887249737e+01,-1.124288724974e+02
3.343859649123e-01,-2.255324743623e+01,-1.125532474362e+02
3.368421052632e-01,-2.267716535433e+01,-1.126771653543e+02
3.392982456140e-01,-2.280062876605e+01,-1.128006287660e+02
3.417543859649e-01,-2.292364016736e+01,-1.129236401674e+02
3.442105263158e-01,-2.304620203602e+01,-1.130462020360e+02
3.466666666667e-01,-2.316831683168e+01,-1.131683168317e+02
3.491228070175e-01,-2.328998699610e+01,-1.132899869961e+02
3.515789473684e-01,-2.341121495327e+01,-1.134112149533e+02
3.540350877193e-01,-2.353200310961e+01,-1.135320031096e+02
3.564912280702e-01,-2.365235385411e+01,-1.136523538541e+02
3.589473684211e-01,-2.377226955848e+01,-1.137722695585e+02
3.614035087719e-01,-2.389175257732e+01,-1.138917525773e+02
3.638596491228e-01,-2.401080524826e+01,-1.140108052483e+02
3.663157894737e-01,-2.412942989214e+01,-1.141294298921e+02
3.687719298246e-01,-2.424762881312e+01,-1.142476288131e+02
3.712280701754e-01,-2.436540429887e+01,-1.143654042989e+02
3.736842105263e-01,-2.448275862069e+01,-1.144827586207e+02
3.761403508772e-01,-2.459969403366e+01,-1.145996940337e+02
3.785964912281e-01,-2.471621277679e+01,-1.147162127768e+02
3.810526315789e-01,-2.483231707317e+01,-1.148323170732e+02
3.835087719298e-01,-2.494800913010e+01,-1.149480091301e+02
3.859649122807e-01,-2.506329113924e+01,-1.150632911392e+02
3.884210526316e-01,-2.517816527672e+01,-1.151781652767e+02
3.908771929825e-01,-2.529263370333e+01,-1.152926337033e+02
3.933333333333e-01,-2.540669856459e+01,-1.154066985646e+02
3.957894736842e-01,-2.552036199095e+01,-1.155203619910e+02
3.982456140351e-01,-2.563362609787e+01,-1.156336260979e+02
4.007017543860e-01,-2.574649298597e+01,-1.157464929860e+02
4.031578947368e-01,-2.585896474119e+01,-1.158589647412e+02
4.056140350877e-01,-2.597104343485e+01,-1.159710434348e+02
4.080701754386e-01,-2.608273112385e+01,-1.160827311238e+02
4.105263157895e-01,-2.619402985075e+01,-1.161940298507e+02
4.129824561404e-01,-2.630494164390e+01,-1.163049416439e+02
4.154385964912e-01,-2.641546851760e+01,-1.164154685176e+02
4.178947368421e-01,-2.652561247216e+01,-1.165256124722e+02
4.203508771930e-01,-2.663537549407e+01,-1.166353754941e+02
4.228070175439e-01,-2.674475955610e+01,-1.167447595561e+02
4.252631578947e-01,-2.685376661743e+01,-1.168537666174e+02
4.277192982456e-01,-2.696239862374e+01,-1.169623986237e+02
4.301754385965e-01,-2.707065750736e+01,-1.170706575074e+02
4.326315789474e-01,-2.717854518736e+01,-1.171785451874e+02
4.350877192982e-01,-2.728606356968e+01,-1.172860635697e+02
4.375438596491e-01,-2.739321454723e+01,-1.173932145472e+02
4.400000000000e-01,-2.750000000000e+01,-1.175000000000e+02
4.424561403509e-01,-2.760642179518e+01,-1.176064217952e+02
4.449122807018e-01,-2.771248178728e+01,-1.177124817873e+02
4.473684210526e-01,-2.781818181818e+01,-1.178181818182e+02
4.498245614035e-01,-2.792352371733e+01,-1.179235237173e+02
4.522807017544e-01,-2.802850930176e+01,-1.180285093018e+02
4.547368421053e-01,-2.813314037627e+01,-1.181331403763e+02
4.571929824561e-01,-2.823741873345e+01,-1.182374187334e+02
4.596491228070e-01,-2.834134615385e+01,-1.183413461538e+02
4.621052631579e-01,-2.844492440605e+01,-1.184449244060e+02
4.645614035088e-01,-2.854815524677e+01,-1.185481552468e+02
4.670175438596e-01,-2.865104042095e+01,-1.186510404210e+02
4.694736842105e-01,-2.875358166189e+01,-1.187535816619e+02
4.719298245614e-01,-2.885578069130e+01,-1.188557806913e+02
4.743859649123e-01,-2.895763921942e+01,-1.189576392194e+02
4.768421052632e-01,-2.905915894512e+01,-1.190591589451e+02
4.792982456140e-01,-2.916034155598e+01,-1.191603415560e+02
4.817543859649e-01,-2.926118872839e+01,-1.192611887284e+02
4.842105263158e-01,-2.936170212766e+01,-1.193617021277e+02
4.866666666667e-01,-2.946188340807e+01,-1.194618834081e+02
4.891228070175e-01,-2.956173421301e+01,-1.195617342130e+02
4.915789473684e-01,-2.966125617502e+01,-1.196612561750e+02
4.940350877193e-01,-2.976045091592e+01,-1.197604509159e+02
4.964912280702e-01,-2.985932004689e+01,-1.198593200469e+02
4.989473684211e-01,-2.995786516854e+01,-1.199578651685e+02
5.014035087719e-01,-3.005608787100e+01,-1.200560878710e+02
5.038596491228e-01,-3.015398973402e+01,-1.201539897340e+02
5.063157894737e-01,-3.025157232704e+01,-1.202515723270e+02
5.087719298246e-01,-3.034883720930e+01,-1.203488372093e+02
5.112280701754e-01,-3.044578592988e+01,-1.204457859299e+02
5.136842105263e-01,-3.054242002782e+01,-1.205424200278e+02
5.161403508772e-01,-3.063874103217e+01,-1.206387410322e+02
5.185964912281e-01,-3.073475046211e+01,-1.207347504621e+02
5.210526315789e-01,-3.083044982699e+01,-1.208304498270e+02
5.235087719298e-01,-3.092584062644e+01,-1.209258406264e+02
5.259649122807e-01,-3.102092435043e+01,-1.210209243504e+02
5.284210526316e-01,-3.111570247934e+01,-1.211157024793e+02
5.308771929825e-01,-3.121017648407e+01,-1.212101764841e+02
5.333333333333e-01,-3.130434782609e+01,-1.213043478261e+02
5.357894736842e-01,-3.139821795751e+01,-1.213982179575e+02
5.382456140351e-01,-3.149178832117e+01,-1.214917883212e+02
5.407017543860e-01,-3.158506035072e+01,-1.215850603507e+02
5.431578947368e-01,-3.167803547067e+01,-1.216780354707e+02
5.456140350877e-01,-3.177071509648e+01,-1.217707150965e+02
5.480701754386e-01,-3.186310063463e+01,-1.218631006346e+02
5.505263157895e-01,-3.195519348269e+01,-1.219551934827e+02
5.529824561404e-01,-3.204699502937e+01,-1.220469950294e+02
5.554385964912e-01,-3.213850665464e+01,-1.221385066546e+02
5.578947368421e-01,-3.222972972973e+01,-1.222297297297e+02
5.603508771930e-01,-3.232066561727e+01,-1.223206656173e+02
5.628070175439e-01,-3.241131567131e+01,-1.224113156713e+02
5.652631578947e-01,-3.250168123739e+01,-1.225016812374e+02
5.677192982456e-01,-3.259176365264e+01,-1.225917636526e+02
5.701754385965e-01,-3.268156424581e+01,-1.226815642458e+02
5.726315789474e-01,-3.277108433735e+01,-1.227710843373e+02
5.750877192982e-01,-3.286032523947e+01,-1.228603252395e+02
5.775438596491e-01,-3.294928825623e+01,-1.229492882562e+02
5.800000000000e-01,-3.303797468354e+01,-1.230379746835e+02
5.824561403509e-01,-3.312638580931e+01,-1.231263858093e+02
5.849122807018e-01,-3.321452291344e+01,-1.232145229134e+02
5.873684210526e-01,-3.330238726790e+01,-1.233023872679e+02
5.898245614035e-01,-3.338998013684e+01,-1.233899801368e+02
5.922807017544e-01,-3.347730277655e+01,-1.234773027766e+02
5.947368421053e-01,-3.356435643564e+01,-1.235643564356e+02
5.971929824561e-01,-3.365114235501e+01,-1.236511423550e+02
5.996491228070e-01,-3.373766176793e+01,-1.237376617679e+02
6.021052631579e-01,-3.382391590013e+01,-1.238239159001e+02
6.045614035088e-01,-3.390990596982e+01,-1.239099059698e+02
6.070175438596e-01,-3.399563318777e+01,-1.239956331878e+02
6.094736842105e-01,-3.408109875736e+01,-1.240810987574e+02
6.119298245614e-01,-3.416630387462e+01,-1.241663038746e+02
6.143859649123e-01,-3.425124972832e+01,-1.242512497283e+02
6.168421052632e-01,-3.433593750000e+01,-1.243359375000e+02
6.192982456140e-01,-3.442036836403e+01,-1.244203683640e+02
6.217543859649e-01,-3.450454348767e+01,-1.245045434877e+02
6.242105263158e-01,-3.458846403111e+01,-1.245884640311e+02
6.266666666667e-01,-3.467213114754e+01,-1.246721311475e+02
6.291228070175e-01,-3.475554598320e+01,-1.247555459832e+02
6.315789473684e-01,-3.483870967742e+01,-1.248387096774e+02
6.340350877193e-01,-3.492162336268e+01,-1.249216233627e+02
6.364912280702e-01,-3.500428816467e+01,-1.250042881647e+02
6.389473684211e-01,-3.508670520231e+01,-1.250867052023e+02
6.414035087719e-01,-3.516887558786e+01,-1.251688755879e+02
6.438596491228e-01,-3.525080042689e+01,-1.252508004269e+02
6.463157894737e-01,-3.533248081841e+01,-1.253324808184e+02
6.487719298246e-01,-3.541391785486e+01,-1.254139178549e+02
6.512280701754e-01,-3.549511262218e+01,-1.254951126222e+02
6.536842105263e-01,-3.557606619987e+01,-1.255760661999e+02
6.561403508772e-01,-3.565677966102e+01,-1.256567796610e+02
6.585964912281e-01,-3.573725407235e+01,-1.257372540724e+02
6.610526315789e-01,-3.581749049430e+01,-1.258174904943e+02
6.635087719298e-01,-3.589748998102e+01,-1.258974899810e+02
6.659649122807e-01,-3.597725358045e+01,-1.259772535805e+02
6.684210526316e-01,-3.605678233438e+01,-1.260567823344e+02
6.708771929825e-01,-3.613607727845e+01,-1.261360772785e+02
6.733333333333e-01,-3.621513944223e+01,-1.262151394422e+02
6.757894736842e-01,-3.629396984925e+01,-1.262939698492e+02
6.782456140351e-01,-3.637256951704e+01,-1.263725695170e+02
6.807017543860e-01,-3.645093945720e+01,-1.264509394572e+02
6.831578947368e-01,-3.652908067542e+01,-1.265290806754e+02
6.856140350877e-01,-3.660699417152e+01,-1.266069941715e+02
6.880701754386e-01,-3.668468093951e+01,-1.266846809395e+02
6.905263157895e-01,-3.676214196762e+01,-1.267621419676e+02
6.929824561404e-01,-3.683937823834e+01,-1.268393782383e+02
6.954385964912e-01,-3.691639072848e+01,-1.269163907285e+02
6.978947368421e-01,-3.699318040918e+01,-1.269931804092e+02
7.003508771930e-01,-3.706974824598e+01,-1.270697482460e+02
7.028070175439e-01,-3.714609519885e+01,-1.271460951988e+02
7.052631578947e-01,-3.722222222222e+01,-1.272222222222e+02
7.077192982456e-01,-3.729813026505e+01,-1.272981302651e+02
7.101754385965e-01,-3.737382027082e+01,-1.273738202708e+02
7.126315789474e-01,-3.744929317763e+01,-1.274492931776e+02
7.150877192982e-01,-3.752454991817e+01,-1.275245499182e+02
7.175438596491e-01,-3.759959141982e+01,-1.275995914198e+02
7.200000000000e-01,-3.767441860465e+01,-1.276744186047e+02
7.224561403509e-01,-3.774903238949e+01,-1.277490323895e+02
7.249122807018e-01,-3.782343368592e+01,-1.278234336859e+02
7.273684210526e-01,-3.789762340037e+01,-1.278976234004e+02
7.298245614035e-01,-3.797160243408e+01,-1.279716024341e+02
7.322807017544e-01,-3.804537168321e+01,-1.280453716832e+02
7.347368421053e-01,-3.811893203883e+01,-1.281189320388e+02
7.371929824561e-01,-3.819228438699e+01,-1.281922843870e+02
7.396491228070e-01,-3.826542960871e+01,-1.282654296087e+02
7.421052631579e-01,-3.833836858006e+01,-1.283383685801e+02
7.445614035088e-01,-3.841110217216e+01,-1.284111021722e+02
7.470175438596e-01,-3.848363125126e+01,-1.284836312513e+02
7.494736842105e-01,-3.855595667870e+01,-1.285559566787e+02
7.519298245614e-01,-3.862807931104e+01,-1.286280793110e+02
7.543859649123e-01,-3.870000000000e+01,-1.287000000000e+02
7.568421052632e-01,-3.877171959257e+01,-1.287717195926e+02
7.592982456140e-01,-3.884323893099e+01,-1.288432389310e+02
7.617543859649e-01,-3.891455885282e+01,-1.289145588528e+02
7.642105263158e-01,-3.898568019093e+01,-1.289856801909e+02
7.666666666667e-01,-3.905660377358e+01,-1.290566037736e+02
7.691228070175e-01,-3.912733042443e+01,-1.291273304244e+02
7.715789473684e-01,-3.919786096257e+01,-1.291978609626e+02
7.740350877193e-01,-3.926819620253e+01,-1.292681962025e+02
7.764912280702e-01,-3.933833695437e+01,-1.293383369544e+02
7.789473684211e-01,-3.940828402367e+01,-1.294082840237e+02
7.814035087719e-01,-3.947803821154e+01,-1.294780382115e+02
7.838596491228e-01,-3.954760031471e+01,-1.295476003147e+02
7.863157894737e-01,-3.961697112552e+01,-1.296169711255e+02
7.887719298246e-01,-3.968615143193e+01,-1.296861514319e+02
7.912280701754e-01,-3.975514201763e+01,-1.297551420176e+02
7.936842105263e-01,-3.982394366197e+01,-1.298239436620e+02
7.961403508772e-01,-3.989255714007e+01,-1.298925571401e+02
7.985964912281e-01,-3.996098322279e+01,-1.299609832228e+02
8.010526315789e-01,-4.002922267680e+01,-1.300292226768e+02
8.035087719298e-01,-4.009727626459e+01,-1.300972762646e+02
8.059649122807e-01,-4.016514474451e+01,-1.301651447445e+02
8.084210526316e-01,-4.023282887078e+01,-1.302328288708e+02
8.108771929825e-01,-4.030032939353e+01,-1.303003293935e+02
8.133333333333e-01,-4.036764705882e+01,-1.303676470588e+02
8.157894736842e-01,-4.043478260870e+01,-1.304347826087e+02
8.182456140351e-01,-4.050173678117e+01,-1.305017367812e+02
8.207017543860e-01,-4.056851031027e+01,-1.305685103103e+02
8.231578947368e-01,-4.063510392610e+01,-1.306351039261e+02
8.256140350877e-01,-4.070151835480e+01,-1.307015183548e+02
8.280701754386e-01,-4.076775431862e+01,-1.307677543186e+02
8.305263157895e-01,-4.083381253594e+01,-1.308338125359e+02
8.329824561404e-01,-4.089969372129e+01,-1.308996937213e+02
8.354385964912e-01,-4.096539858536e+01,-1.309653985854e+02
8.378947368421e-01,-4.103092783505e+01,-1.310309278351e+02
8.403508771930e-01,-4.109628217350e+01,-1.310962821735e+02
8.428070175439e-01,-4.116146230008e+01,-1.311614623001e+02
8.452631578947e-01,-4.122646891044e+01,-1.312264689104e+02
8.477192982456e-01,-4.129130269654e+01,-1.312913026965e+02
8.501754385965e-01,-4.135596434667e+01,-1.313559643467e+02
8.526315789474e-01,-4.142045454545e+01,-1.314204545455e+02
8.550877192982e-01,-4.148477397390e+01,-1.314847739739e+02
8.575438596491e-01,-4.154892330941e+01,-1.315489233094e+02
8.600000000000e-01,-4.161290322581e+01,-1.316129032258e+02
8.624561403509e-01,-4.167671439337e+01,-1.316767143934e+02
8.649122807018e-01,-4.174035747883e+01,-1.317403574788e+02
8.673684210526e-01,-4.180383314543e+01,-1.318038331454e+02
8.698245614035e-01,-4.186714205292e+01,-1.318671420529e+02
8.722807017544e-01,-4.193028485757e+01,-1.319302848576e+02
8.747368421053e-01,-4.199326221224e+01,-1.319932622122e+02
8.771929824561e-01,-4.205607476636e+01,-1.320560747664e+02
8.796491228070e-01,-4.211872316595e+01,-1.321187231660e+02
8.821052631579e-01,-4.218120805369e+01,-1.321812080537e+02
8.845614035088e-01,-4.224353006889e+01,-1.322435300689e+02
8.870175438596e-01,-4.230568984753e+01,-1.323056898475e+02
8.894736842105e-01,-4.236768802228e+01,-1.323676880223e+02
8.919298245614e-01,-4.242952522255e+01,-1.324295252226e+02
8.943859649123e-01,-4.249120207446e+01,-1.324912020745e+02
8.968421052632e-01,-4.255271920089e+01,-1.325527192009e+02
8.992982456140e-01,-4.261407722150e+01,-1.326140772215e+02
9.017543859649e-01,-4.267527675277e+01,-1.326752767528e+02
9.042105263158e-01,-4.273631840796e+01,-1.327363184080e+02
9.066666666667e-01,-4.279720279720e+01,-1.327972027972e+02
9.091228070175e-01,-4.285793052748e+01,-1.328579305275e+02
9.115789473684e-01,-4.291850220264e+01,-1.329185022026e+02
9.140350877193e-01,-4.297891842346e+01,-1.329789184235e+02
9.164912280702e-01,-4.303917978762e+01,-1.330391797876e+02
9.189473684211e-01,-4.309928688974e+01,-1.330992868897e+02
9.214035087719e-01,-4.315924032140e+01,-1.331592403214e+02
9.238596491228e-01,-4.321904067117e+01,-1.332190406712e+02
9.263157894737e-01,-4.327868852459e+01,-1.332786885246e+02
9.287719298246e-01,-4.333818446425e+01,-1.333381844643e+02
9.312280701754e-01,-4.339752906977e+01,-1.333975290698e+02
9.336842105263e-01,-4.345672291780e+01,-1.334567229178e+02
9.361403508772e-01,-4.351576658209e+01,-1.335157665821e+02
9.385964912281e-01,-4.357466063348e+01,-1.335746606335e+02
9.410526315789e-01,-4.363340563991e+01,-1.336334056399e+02
9.435087719298e-01,-4.369200216646e+01,-1.336920021665e+02
9.459649122807e-01,-4.375045077533e+01,-1.337504507753e+02
9.484210526316e-01,-4.380875202593e+01,-1.338087520259e+02
9.508771929825e-01,-4.386690647482e+01,-1.338669064748e+02
9.533333333333e-01,-4.392491467577e+01,-1.339249146758e+02
9.557894736842e-01,-4.398277717976e+01,-1.339827771798e+02
9.582456140351e-01,-4.404049453503e+01,-1.340404945350e+02
9.607017543860e-01,-4.409806728704e+01,-1.340980672870e+02
9.631578947368e-01,-4.415549597855e+01,-1.341554959786e+02
9.656140350877e-01,-4.421278114959e+01,-1.342127811496e+02
9.680701754386e-01,-4.426992333749e+01,-1.342699233375e+02
9.705263157895e-01,-4.432692307692e+01,-1.343269230769e+02
9.729824561404e-01,-4.438378089988e+01,-1.343837808999e+02
9.754385964912e-01,-4.444049733570e+01,-1.344404973357e+02
9.778947368421e-01,-4.449707291112e+01,-1.344970729111e+02
9.803508771930e-01,-4.455350815025e+01,-1.345535081502e+02
9.828070175439e-01,-4.460980357459e+01,-1.346098035746e+02
9.852631578947e-01,-4.466595970308e+01,-1.346659597031e+02
9.877192982456e-01,-4.472197705207e+01,-1.347219770521e+02
9.901754385965e-01,-4.477785613540e+01,-1.347778561354e+02
9.926315789474e-01,-4.483359746434e+01,-1.348335974643e+02
9.950877192982e-01,-4.488920154766e+01,-1.348892015477e+02
9.975438596491e-01,-4.494466889162e+01,-1.349446688916e+02
1.000000000000e+00,-4.500000000000e+01,-1.350000000000e+02
